date,home,away,home_score,away_score,home_xg,away_xg,attendance,referee,match_report_url,home_pk_goals,home_pk_attempts,home_yellow_cards,home_red_cards,home_shots,home_shots_on_target,home_tackles,home_interceptions,home_fouls_committed,away_pk_goals,away_pk_attempts,away_yellow_cards,away_red_cards,away_shots,away_shots_on_target,away_tackles,away_interceptions,away_fouls_committed,season
2019-07-12,Arsenal Tula,Dynamo Mosc,1,1,NA,NA,14742,Sergey Lapochkin,https://fbref.com/en/matches/d2e2d819/Arsenal-Tula-Dynamo-Moscow-July-12-2019-Russian-Premier-League,0,0,0,0,18,2,5,10,15,0,0,3,0,15,6,14,11,17,2019-2020
2019-07-13,Ural,Ufa,3,2,NA,NA,14614,Sergey Karasev,https://fbref.com/en/matches/4c0150ba/Ural-Yekaterinburg-Ufa-July-13-2019-Russian-Premier-League,0,0,0,0,13,8,8,6,13,1,1,1,0,15,4,16,6,10,2019-2020
2019-07-13,Spartak Moscow,Sochi,1,0,NA,NA,29892,Vladimir Moskalev,https://fbref.com/en/matches/37ca347d/Spartak-Moscow-Sochi-July-13-2019-Russian-Premier-League,0,0,4,0,13,5,9,13,13,0,0,2,0,18,6,17,17,11,2019-2020
2019-07-13,Rostov,Orenburg,2,1,NA,NA,14584,Vladislav Bezborodov,https://fbref.com/en/matches/6ba40978/Rostov-Orenburg-July-13-2019-Russian-Premier-League,0,0,2,0,12,4,7,7,16,0,0,3,0,10,1,11,6,18,2019-2020
2019-07-14,Samara,CSKA Moscow,2,0,NA,NA,25287,Kirill Levnikov,https://fbref.com/en/matches/a8da8631/Samara-CSKA-Moscow-July-14-2019-Russian-Premier-League,1,1,1,0,9,6,11,20,14,0,0,3,0,19,2,5,8,14,2019-2020
2019-07-14,Zenit,Tambov,2,1,NA,NA,46231,Aleksey Eskov,https://fbref.com/en/matches/5eccd29d/Zenit-Tambov-July-14-2019-Russian-Premier-League,0,0,2,0,12,7,6,11,16,0,0,2,0,8,4,14,12,15,2019-2020
2019-07-14,Akhmat Grozny,Krasnodar,1,0,NA,NA,27535,Vitaly Meshkov,https://fbref.com/en/matches/d64eb5a9/Akhmat-Grozny-Krasnodar-July-14-2019-Russian-Premier-League,0,1,4,0,13,6,7,9,24,0,0,3,0,19,3,11,9,21,2019-2020
2019-07-15,Loko Moscow,Rubin Kazan,1,1,NA,NA,10732,Mikhail Vilkov,https://fbref.com/en/matches/d914c97e/Lokomotiv-Moscow-Rubin-Kazan-July-15-2019-Russian-Premier-League,0,1,2,0,16,4,9,14,19,0,0,3,0,15,5,14,15,13,2019-2020
2019-07-20,Ufa,Krasnodar,2,3,NA,NA,6725,Aleksey Eskov,https://fbref.com/en/matches/08afb6ed/Ufa-Krasnodar-July-20-2019-Russian-Premier-League,0,0,2,0,14,4,10,4,12,0,0,2,0,24,5,4,17,14,2019-2020
2019-07-20,Samara,Arsenal Tula,2,3,NA,NA,15780,Pavel Kukuyan,https://fbref.com/en/matches/cea99c61/Samara-Arsenal-Tula-July-20-2019-Russian-Premier-League,0,0,3,0,10,4,6,12,18,0,0,5,0,19,7,16,6,16,2019-2020
2019-07-20,CSKA Moscow,Orenburg,2,1,NA,NA,15082,Evgeny Turbin,https://fbref.com/en/matches/67450e87/CSKA-Moscow-Orenburg-July-20-2019-Russian-Premier-League,0,0,3,0,20,5,10,11,8,0,0,3,0,7,2,12,9,14,2019-2020
2019-07-20,Rostov,Spartak Moscow,2,2,NA,NA,35865,Kirill Levnikov,https://fbref.com/en/matches/a038d142/Rostov-Spartak-Moscow-July-20-2019-Russian-Premier-League,0,0,2,0,18,7,10,11,11,1,1,3,0,15,5,11,8,16,2019-2020
2019-07-21,Ural,Akhmat Grozny,3,0,NA,NA,15611,Aleksey Sukhoy,https://fbref.com/en/matches/dc174b6f/Ural-Yekaterinburg-Akhmat-Grozny-July-21-2019-Russian-Premier-League,0,0,1,0,14,7,15,12,13,0,0,1,0,14,2,12,8,12,2019-2020
2019-07-21,Loko Moscow,Tambov,2,1,NA,NA,10187,Stanislav Vasilyev,https://fbref.com/en/matches/ad72d678/Lokomotiv-Moscow-Tambov-July-21-2019-Russian-Premier-League,0,0,3,0,17,7,8,12,17,0,0,4,0,9,2,5,10,18,2019-2020
2019-07-21,Dynamo Mosc,Rubin Kazan,0,1,NA,NA,17315,Vitaly Meshkov,https://fbref.com/en/matches/fa021000/Dynamo-Moscow-Rubin-Kazan-July-21-2019-Russian-Premier-League,0,0,3,0,25,6,15,12,14,0,0,7,1,12,4,13,14,10,2019-2020
2019-07-21,Sochi,Zenit,0,2,NA,NA,35102,Aleksey Matyunin,https://fbref.com/en/matches/d2d8a8ae/Sochi-Zenit-July-21-2019-Russian-Premier-League,0,0,2,0,7,1,5,10,14,1,1,0,0,19,5,10,10,8,2019-2020
2019-07-26,Dynamo Mosc,Ural,2,0,NA,NA,12349,Pavel Kukuyan,https://fbref.com/en/matches/1fd9be2b/Dynamo-Moscow-Ural-Yekaterinburg-July-26-2019-Russian-Premier-League,0,0,2,0,18,7,19,13,9,0,0,1,0,13,2,10,20,12,2019-2020
2019-07-27,Ufa,Samara,2,1,NA,NA,6543,Vasiliy Kazartsev,https://fbref.com/en/matches/32cf2478/Ufa-Samara-July-27-2019-Russian-Premier-League,0,0,1,0,8,4,7,16,17,0,0,2,0,14,3,8,10,6,2019-2020
2019-07-27,Tambov,Spartak Moscow,2,0,NA,NA,23238,Mikhail Vilkov,https://fbref.com/en/matches/794db37d/Tambov-Spartak-Moscow-July-27-2019-Russian-Premier-League,0,0,3,0,9,5,16,9,15,0,0,4,0,23,4,6,9,12,2019-2020
2019-07-27,Krasnodar,Sochi,3,0,NA,NA,32177,Sergey Lapochkin,https://fbref.com/en/matches/6df16a44/Krasnodar-Sochi-July-27-2019-Russian-Premier-League,0,0,2,0,22,9,5,12,7,0,0,3,1,14,5,11,16,15,2019-2020
2019-07-28,Orenburg,Zenit,0,2,NA,NA,6626,Sergey Karasev,https://fbref.com/en/matches/6dfc0234/Orenburg-Zenit-July-28-2019-Russian-Premier-League,0,0,2,0,20,4,12,17,13,1,1,3,0,14,4,5,6,13,2019-2020
2019-07-28,Arsenal Tula,Rostov,2,3,NA,NA,9654,Aleksey Matyunin,https://fbref.com/en/matches/323aa3b0/Arsenal-Tula-Rostov-July-28-2019-Russian-Premier-League,0,0,3,0,18,6,7,16,13,0,0,3,0,15,8,9,7,15,2019-2020
2019-07-28,CSKA Moscow,Loko Moscow,1,0,NA,NA,27897,Vladislav Bezborodov,https://fbref.com/en/matches/11e8bcd7/CSKA-Moscow-Lokomotiv-Moscow-July-28-2019-Russian-Premier-League,1,1,4,0,13,4,13,11,19,0,0,2,0,10,1,18,16,11,2019-2020
2019-07-29,Rubin Kazan,Akhmat Grozny,1,0,NA,NA,11342,Sergey Ivanov,https://fbref.com/en/matches/ee38a552/Rubin-Kazan-Akhmat-Grozny-July-29-2019-Russian-Premier-League,0,0,2,0,16,7,17,12,14,0,0,3,0,9,4,13,12,16,2019-2020
2019-08-03,Ural,Rostov,2,2,NA,NA,35061,Stanislav Vasilyev,https://fbref.com/en/matches/711fb3d4/Ural-Yekaterinburg-Rostov-August-3-2019-Russian-Premier-League,0,0,3,0,14,5,8,10,11,0,0,2,0,21,7,10,8,11,2019-2020
2019-08-03,Samara,Loko Moscow,1,2,NA,NA,22459,Evgeny Turbin,https://fbref.com/en/matches/f649dcad/Samara-Lokomotiv-Moscow-August-3-2019-Russian-Premier-League,0,0,5,0,10,4,10,15,17,0,0,2,0,20,9,7,8,23,2019-2020
2019-08-03,Spartak Moscow,Dynamo Mosc,0,0,NA,NA,34389,Vladislav Bezborodov,https://fbref.com/en/matches/41f0b7e5/Spartak-Moscow-Dynamo-Moscow-August-3-2019-Russian-Premier-League,0,0,4,1,12,3,13,17,11,0,0,3,0,25,5,19,4,16,2019-2020
2019-08-03,Zenit,Krasnodar,1,1,NA,NA,54078,Aleksey Eskov,https://fbref.com/en/matches/d947c1ac/Zenit-Krasnodar-August-3-2019-Russian-Premier-League,0,0,2,0,15,5,13,9,11,0,0,4,0,5,1,8,15,22,2019-2020
2019-08-04,Tambov,Arsenal Tula,0,1,NA,NA,4332,Sergey Ivanov,https://fbref.com/en/matches/89c7105f/Tambov-Arsenal-Tula-August-4-2019-Russian-Premier-League,0,0,4,0,13,2,14,15,15,0,0,2,0,7,2,17,7,23,2019-2020
2019-08-04,Rubin Kazan,CSKA Moscow,0,1,NA,NA,20791,Vasiliy Kazartsev,https://fbref.com/en/matches/b3c6918d/Rubin-Kazan-CSKA-Moscow-August-4-2019-Russian-Premier-League,0,0,3,0,18,3,16,12,11,0,0,3,0,12,5,12,13,22,2019-2020
2019-08-04,Sochi,Ufa,0,0,NA,NA,11100,Aleksey Sukhoy,https://fbref.com/en/matches/82eb332b/Sochi-Ufa-August-4-2019-Russian-Premier-League,0,0,2,0,7,0,2,11,12,0,0,2,0,7,3,4,11,17,2019-2020
2019-08-05,Akhmat Grozny,Orenburg,2,1,NA,NA,11721,Nikolay Voloshin,https://fbref.com/en/matches/0429096a/Akhmat-Grozny-Orenburg-August-5-2019-Russian-Premier-League,0,0,3,0,7,2,13,7,20,0,0,2,0,8,1,15,13,10,2019-2020
2019-08-10,Orenburg,Tambov,2,2,NA,NA,4076,Pavel Kukuyan,https://fbref.com/en/matches/b40c90d4/Orenburg-Tambov-August-10-2019-Russian-Premier-League,0,0,1,0,22,10,10,8,12,0,0,2,1,9,5,7,11,15,2019-2020
2019-08-10,Dynamo Mosc,Zenit,0,2,NA,NA,19095,Evgeny Turbin,https://fbref.com/en/matches/089c357f/Dynamo-Moscow-Zenit-August-10-2019-Russian-Premier-League,0,0,5,1,14,4,16,20,14,0,0,3,0,13,3,13,17,15,2019-2020
2019-08-10,Krasnodar,Rubin Kazan,1,0,NA,NA,25826,Sergey Lapochkin,https://fbref.com/en/matches/5f739f9e/Krasnodar-Rubin-Kazan-August-10-2019-Russian-Premier-League,0,0,4,1,14,2,8,20,13,0,0,3,0,13,2,3,10,17,2019-2020
2019-08-11,Arsenal Tula,Ufa,1,0,NA,NA,11340,Mikhail Vilkov,https://fbref.com/en/matches/76adb047/Arsenal-Tula-Ufa-August-11-2019-Russian-Premier-League,0,0,1,0,18,4,8,12,12,0,0,1,0,9,1,16,9,17,2019-2020
2019-08-11,Loko Moscow,Ural,4,0,NA,NA,14181,Nikolay Voloshin,https://fbref.com/en/matches/40b6965b/Lokomotiv-Moscow-Ural-Yekaterinburg-August-11-2019-Russian-Premier-League,0,0,1,0,22,8,19,24,10,0,0,3,0,15,3,14,8,14,2019-2020
2019-08-11,CSKA Moscow,Sochi,0,0,NA,NA,17995,Vitaly Meshkov,https://fbref.com/en/matches/a98ee43b/CSKA-Moscow-Sochi-August-11-2019-Russian-Premier-League,0,0,1,0,18,5,10,12,8,0,0,3,0,10,1,16,14,13,2019-2020
2019-08-11,Akhmat Grozny,Spartak Moscow,1,3,NA,NA,17832,Aleksey Sukhoy,https://fbref.com/en/matches/75adbc2e/Akhmat-Grozny-Spartak-Moscow-August-11-2019-Russian-Premier-League,0,0,4,1,9,1,13,18,17,0,0,2,0,12,7,16,11,13,2019-2020
2019-08-12,Rostov,Samara,1,0,NA,NA,28674,Vasiliy Kazartsev,https://fbref.com/en/matches/eeda5760/Rostov-Samara-August-12-2019-Russian-Premier-League,0,0,3,0,16,4,14,9,15,0,0,0,0,12,2,8,13,9,2019-2020
2019-08-16,Orenburg,Sochi,1,1,NA,NA,4411,Mikhail Vilkov,https://fbref.com/en/matches/125123be/Orenburg-Sochi-August-16-2019-Russian-Premier-League,0,0,3,0,14,2,8,13,15,1,1,3,0,16,6,10,13,13,2019-2020
2019-08-17,Ural,Samara,1,3,NA,NA,22304,Sergey Ivanov,https://fbref.com/en/matches/9117d1e5/Ural-Yekaterinburg-Samara-August-17-2019-Russian-Premier-League,0,0,4,1,13,6,11,5,21,0,0,3,0,13,5,6,23,12,2019-2020
2019-08-17,Tambov,Krasnodar,0,2,NA,NA,7115,Nikolay Voloshin,https://fbref.com/en/matches/b19a6e40/Tambov-Krasnodar-August-17-2019-Russian-Premier-League,0,0,4,0,10,1,13,12,15,0,0,1,0,17,6,10,11,14,2019-2020
2019-08-17,Zenit,Akhmat Grozny,0,0,NA,NA,48468,Aleksey Matyunin,https://fbref.com/en/matches/9649dc41/Zenit-Akhmat-Grozny-August-17-2019-Russian-Premier-League,0,0,3,0,22,5,8,13,17,0,0,3,1,7,2,9,11,11,2019-2020
2019-08-18,Rubin Kazan,Arsenal Tula,1,0,NA,NA,10022,Vladislav Bezborodov,https://fbref.com/en/matches/962a6093/Rubin-Kazan-Arsenal-Tula-August-18-2019-Russian-Premier-League,0,0,2,0,9,2,15,8,14,0,0,2,0,12,3,16,11,18,2019-2020
2019-08-18,Ufa,Rostov,2,0,NA,NA,8532,Evgeny Turbin,https://fbref.com/en/matches/4fad34f0/Ufa-Rostov-August-18-2019-Russian-Premier-League,0,0,3,0,14,4,11,11,12,0,0,3,0,15,3,7,13,10,2019-2020
2019-08-18,Dynamo Mosc,Loko Moscow,1,2,NA,NA,17837,Vasiliy Kazartsev,https://fbref.com/en/matches/86b86c28/Dynamo-Moscow-Lokomotiv-Moscow-August-18-2019-Russian-Premier-League,0,0,2,0,12,6,9,9,13,1,1,5,0,21,7,12,15,19,2019-2020
2019-08-19,Spartak Moscow,CSKA Moscow,2,1,NA,NA,44434,Sergey Karasev,https://fbref.com/en/matches/70f4f875/Spartak-Moscow-CSKA-Moscow-August-19-2019-Russian-Premier-League,0,0,1,0,21,8,18,20,13,0,0,2,0,14,5,18,7,17,2019-2020
2019-08-24,Tambov,Dynamo Mosc,0,2,NA,NA,4816,Igor Panin,https://fbref.com/en/matches/49a12a48/Tambov-Dynamo-Moscow-August-24-2019-Russian-Premier-League,0,0,2,0,14,5,9,12,10,0,0,1,0,14,4,10,14,14,2019-2020
2019-08-24,Ufa,Zenit,1,0,NA,NA,13368,Sergey Ivanov,https://fbref.com/en/matches/2baf4032/Ufa-Zenit-August-24-2019-Russian-Premier-League,0,0,3,0,8,5,11,17,15,0,0,4,0,22,4,4,7,11,2019-2020
2019-08-24,Krasnodar,Loko Moscow,1,1,NA,NA,31231,Vladislav Bezborodov,https://fbref.com/en/matches/baac9dff/Krasnodar-Lokomotiv-Moscow-August-24-2019-Russian-Premier-League,0,0,2,0,18,5,9,10,14,0,0,3,0,15,3,11,12,14,2019-2020
2019-08-25,CSKA Moscow,Akhmat Grozny,3,0,NA,NA,18508,Vasiliy Kazartsev,https://fbref.com/en/matches/1fb9b96b/CSKA-Moscow-Akhmat-Grozny-August-25-2019-Russian-Premier-League,0,0,3,0,19,7,9,11,13,0,0,4,0,5,1,9,14,13,2019-2020
2019-08-25,Rostov,Rubin Kazan,2,1,NA,NA,35031,Vitaly Meshkov,https://fbref.com/en/matches/bb42839a/Rostov-Rubin-Kazan-August-25-2019-Russian-Premier-League,0,0,1,0,31,10,7,17,12,0,0,0,0,6,2,12,12,11,2019-2020
2019-08-25,Samara,Spartak Moscow,1,2,NA,NA,32286,Sergey Lapochkin,https://fbref.com/en/matches/26aaff5a/Samara-Spartak-Moscow-August-25-2019-Russian-Premier-League,0,0,3,0,9,4,19,7,18,0,0,6,0,28,9,11,7,17,2019-2020
2019-08-25,Arsenal Tula,Orenburg,2,1,NA,NA,8347,Aleksey Sukhoy,https://fbref.com/en/matches/6c82fde9/Arsenal-Tula-Orenburg-August-25-2019-Russian-Premier-League,0,0,0,0,12,6,9,9,9,0,0,1,0,15,9,5,8,15,2019-2020
2019-08-26,Ural,Sochi,3,1,NA,NA,10171,Sergey Karasev,https://fbref.com/en/matches/8024cf0a/Ural-Yekaterinburg-Sochi-August-26-2019-Russian-Premier-League,1,1,2,0,24,7,12,2,8,0,0,1,0,12,2,10,8,13,2019-2020
2019-08-30,Samara,Dynamo Mosc,0,0,NA,NA,14728,Vladislav Bezborodov,https://fbref.com/en/matches/3ef0b9d1/Samara-Dynamo-Moscow-August-30-2019-Russian-Premier-League,0,0,2,0,14,2,13,11,14,0,0,3,0,14,5,6,10,13,2019-2020
2019-08-31,Ufa,Orenburg,1,2,NA,NA,6892,Igor Panin,https://fbref.com/en/matches/4f6c9612/Ufa-Orenburg-August-31-2019-Russian-Premier-League,0,0,3,1,14,7,18,11,13,1,1,4,1,16,6,17,10,10,2019-2020
2019-08-31,Rubin Kazan,Sochi,0,3,NA,NA,8845,Nikolay Voloshin,https://fbref.com/en/matches/6031da5e/Rubin-Kazan-Sochi-August-31-2019-Russian-Premier-League,0,0,3,0,20,2,10,19,9,0,0,3,0,14,5,10,25,10,2019-2020
2019-08-31,Loko Moscow,Rostov,1,2,NA,NA,19356,Sergey Lapochkin,https://fbref.com/en/matches/57fa41e9/Lokomotiv-Moscow-Rostov-August-31-2019-Russian-Premier-League,0,0,2,0,23,7,8,10,13,0,0,3,0,14,4,10,16,16,2019-2020
2019-08-31,Akhmat Grozny,Tambov,1,1,NA,NA,8743,Sergey Karasev,https://fbref.com/en/matches/92bcf6a1/Akhmat-Grozny-Tambov-August-31-2019-Russian-Premier-League,0,0,1,0,27,6,12,9,18,0,0,3,0,5,1,15,19,19,2019-2020
2019-09-01,Ural,Krasnodar,2,4,NA,NA,18388,Aleksey Sukhoy,https://fbref.com/en/matches/5b2ea8bb/Ural-Yekaterinburg-Krasnodar-September-1-2019-Russian-Premier-League,0,0,1,0,11,3,8,19,9,0,0,2,0,19,6,8,8,11,2019-2020
2019-09-01,Arsenal Tula,CSKA Moscow,1,2,NA,NA,18758,Evgeny Turbin,https://fbref.com/en/matches/706b5cf0/Arsenal-Tula-CSKA-Moscow-September-1-2019-Russian-Premier-League,0,0,2,0,13,4,8,13,11,0,0,1,0,24,9,14,15,16,2019-2020
2019-09-01,Spartak Moscow,Zenit,0,1,NA,NA,43382,Vitaly Meshkov,https://fbref.com/en/matches/cd230f7c/Spartak-Moscow-Zenit-September-1-2019-Russian-Premier-League,0,0,2,0,20,3,12,9,19,0,0,5,0,11,3,15,16,21,2019-2020
2019-09-13,Zenit,Arsenal Tula,3,1,NA,NA,42431,Pavel Kukuyan,https://fbref.com/en/matches/9ee664e1/Zenit-Arsenal-Tula-September-13-2019-Russian-Premier-League,1,2,1,0,14,6,10,15,23,0,0,3,0,10,4,7,10,13,2019-2020
2019-09-14,Spartak Moscow,Ural,1,2,NA,NA,24198,Sergey Ivanov,https://fbref.com/en/matches/851849ad/Spartak-Moscow-Ural-Yekaterinburg-September-14-2019-Russian-Premier-League,0,0,3,0,11,3,2,7,16,0,0,3,0,13,7,17,11,14,2019-2020
2019-09-14,Sochi,Loko Moscow,0,1,NA,NA,13900,Igor Panin,https://fbref.com/en/matches/dce4d7b2/Sochi-Lokomotiv-Moscow-September-14-2019-Russian-Premier-League,0,0,3,0,16,2,12,10,16,0,0,2,0,20,5,11,11,9,2019-2020
2019-09-15,Orenburg,Rubin Kazan,2,1,NA,NA,4767,Sergey Lapochkin,https://fbref.com/en/matches/3723c980/Orenburg-Rubin-Kazan-September-15-2019-Russian-Premier-League,1,1,2,0,18,5,8,13,11,0,0,4,0,14,3,5,10,12,2019-2020
2019-09-15,Tambov,CSKA Moscow,0,2,NA,NA,17145,Mikhail Vilkov,https://fbref.com/en/matches/ff1fd830/Tambov-CSKA-Moscow-September-15-2019-Russian-Premier-League,0,0,1,1,14,3,20,18,9,0,1,3,0,21,7,12,12,13,2019-2020
2019-09-15,Krasnodar,Samara,4,2,NA,NA,26131,Sergey Karasev,https://fbref.com/en/matches/4859828e/Krasnodar-Samara-September-15-2019-Russian-Premier-League,0,1,4,0,22,7,3,13,20,1,2,2,0,13,5,13,19,18,2019-2020
2019-09-16,Dynamo Mosc,Ufa,0,0,NA,NA,9538,Vitaly Meshkov,https://fbref.com/en/matches/15120efb/Dynamo-Moscow-Ufa-September-16-2019-Russian-Premier-League,0,0,1,0,23,7,11,10,14,0,0,2,0,10,4,5,9,10,2019-2020
2019-09-16,Rostov,Akhmat Grozny,2,1,NA,NA,28772,Nikolay Voloshin,https://fbref.com/en/matches/304f5f53/Rostov-Akhmat-Grozny-September-16-2019-Russian-Premier-League,0,0,1,0,21,9,4,8,7,1,1,0,1,6,3,8,12,15,2019-2020
2019-09-20,Ufa,Spartak Moscow,1,0,NA,NA,10809,Aleksey Sukhoy,https://fbref.com/en/matches/7f55066c/Ufa-Spartak-Moscow-September-20-2019-Russian-Premier-League,0,0,2,0,13,0,15,12,13,0,0,5,0,15,5,6,14,11,2019-2020
2019-09-21,Akhmat Grozny,Samara,1,1,NA,NA,8737,Stanislav Vasilyev,https://fbref.com/en/matches/fa5ffc6d/Akhmat-Grozny-Samara-September-21-2019-Russian-Premier-League,0,0,3,0,12,4,13,20,22,0,0,2,0,17,4,5,7,15,2019-2020
2019-09-21,Tambov,Rostov,2,1,NA,NA,3258,Vasiliy Kazartsev,https://fbref.com/en/matches/0c0f0f15/Tambov-Rostov-September-21-2019-Russian-Premier-League,0,1,3,0,12,5,7,8,9,0,0,3,0,20,5,8,5,12,2019-2020
2019-09-21,Zenit,Rubin Kazan,5,0,NA,NA,43598,Sergey Karasev,https://fbref.com/en/matches/428dcb56/Zenit-Rubin-Kazan-September-21-2019-Russian-Premier-League,0,0,0,0,20,9,6,11,7,0,0,1,0,5,1,7,11,10,2019-2020
2019-09-22,Orenburg,Loko Moscow,2,3,NA,NA,4854,Sergey Ivanov,https://fbref.com/en/matches/0822c0f2/Orenburg-Lokomotiv-Moscow-September-22-2019-Russian-Premier-League,0,0,0,0,23,4,8,16,11,1,1,3,0,19,7,10,10,8,2019-2020
2019-09-22,Dynamo Mosc,Sochi,2,3,NA,NA,10119,Sergey Lapochkin,https://fbref.com/en/matches/9a826a52/Dynamo-Moscow-Sochi-September-22-2019-Russian-Premier-League,0,0,1,0,16,6,14,14,12,0,0,2,0,11,6,9,24,12,2019-2020
2019-09-22,Arsenal Tula,Ural,1,1,NA,NA,7256,Vitaly Meshkov,https://fbref.com/en/matches/c6497807/Arsenal-Tula-Ural-Yekaterinburg-September-22-2019-Russian-Premier-League,0,0,1,0,19,5,13,11,8,0,1,1,0,10,4,11,10,19,2019-2020
2019-09-22,CSKA Moscow,Krasnodar,3,2,NA,NA,21026,Vladislav Bezborodov,https://fbref.com/en/matches/7f0dc65a/CSKA-Moscow-Krasnodar-September-22-2019-Russian-Premier-League,1,1,2,0,11,6,11,14,12,0,0,3,0,14,6,10,15,14,2019-2020
2019-09-28,Samara,Tambov,2,0,NA,NA,10126,Sergey Ivanov,https://fbref.com/en/matches/3a4e3fc1/Samara-Tambov-September-28-2019-Russian-Premier-League,1,1,5,0,16,7,3,25,15,0,0,7,0,8,2,12,15,23,2019-2020
2019-09-28,Rostov,Dynamo Mosc,3,0,NA,NA,29990,Evgeny Turbin,https://fbref.com/en/matches/73fa4530/Rostov-Dynamo-Moscow-September-28-2019-Russian-Premier-League,0,0,2,0,15,6,4,9,7,0,0,5,1,13,2,7,7,14,2019-2020
2019-09-28,Loko Moscow,Zenit,1,0,NA,NA,21598,Mikhail Vilkov,https://fbref.com/en/matches/de0b34ec/Lokomotiv-Moscow-Zenit-September-28-2019-Russian-Premier-League,0,0,1,0,9,3,9,18,17,0,0,3,0,5,1,14,8,17,2019-2020
2019-09-29,Ural,CSKA Moscow,0,3,NA,NA,20130,Pavel Kukuyan,https://fbref.com/en/matches/059215d8/Ural-Yekaterinburg-CSKA-Moscow-September-29-2019-Russian-Premier-League,0,0,1,0,11,4,13,20,9,0,1,1,0,20,6,11,14,16,2019-2020
2019-09-29,Rubin Kazan,Ufa,0,0,NA,NA,8314,Aleksey Matyunin,https://fbref.com/en/matches/3ec3b342/Rubin-Kazan-Ufa-September-29-2019-Russian-Premier-League,0,0,4,0,7,3,10,11,15,0,0,1,0,4,1,11,26,9,2019-2020
2019-09-29,Spartak Moscow,Orenburg,1,2,NA,NA,20817,Stanislav Vasilyev,https://fbref.com/en/matches/9d217434/Spartak-Moscow-Orenburg-September-29-2019-Russian-Premier-League,0,0,2,0,24,8,9,10,15,0,0,3,1,14,3,14,20,8,2019-2020
2019-09-29,Krasnodar,Arsenal Tula,2,0,NA,NA,23516,Vasiliy Kazartsev,https://fbref.com/en/matches/78374f81/Krasnodar-Arsenal-Tula-September-29-2019-Russian-Premier-League,1,1,2,1,20,6,14,11,8,0,0,1,0,19,4,8,7,16,2019-2020
2019-09-30,Sochi,Akhmat Grozny,2,0,NA,NA,7127,Aleksey Eskov,https://fbref.com/en/matches/43c84e08/Sochi-Akhmat-Grozny-September-30-2019-Russian-Premier-League,0,0,6,0,21,8,12,9,13,0,0,1,0,17,6,5,9,15,2019-2020
2019-10-05,Ufa,Akhmat Grozny,0,1,NA,NA,7538,Vladislav Bezborodov,https://fbref.com/en/matches/cfd8a354/Ufa-Akhmat-Grozny-October-5-2019-Russian-Premier-League,0,0,2,0,6,2,9,9,13,0,0,2,0,15,3,6,9,16,2019-2020
2019-10-05,Orenburg,Dynamo Mosc,2,0,NA,NA,4062,Pavel Kukuyan,https://fbref.com/en/matches/74c016ae/Orenburg-Dynamo-Moscow-October-5-2019-Russian-Premier-League,0,0,1,0,16,4,5,12,16,0,0,3,1,12,4,15,5,9,2019-2020
2019-10-05,Rubin Kazan,Tambov,2,1,NA,NA,2585,Aleksey Eskov,https://fbref.com/en/matches/4baa321e/Rubin-Kazan-Tambov-October-5-2019-Russian-Premier-League,0,0,5,0,18,5,14,13,14,0,0,2,0,18,6,8,15,14,2019-2020
2019-10-05,Sochi,Samara,0,2,NA,NA,7923,Aleksey Matyunin,https://fbref.com/en/matches/91697a3d/Sochi-Samara-October-5-2019-Russian-Premier-League,0,0,4,0,15,2,11,5,15,0,1,2,0,14,7,9,23,13,2019-2020
2019-10-06,Ural,Zenit,1,3,NA,NA,22432,Nikolay Voloshin,https://fbref.com/en/matches/d4c8f524/Ural-Yekaterinburg-Zenit-October-6-2019-Russian-Premier-League,0,0,0,0,18,4,13,17,8,0,0,0,0,13,5,16,15,8,2019-2020
2019-10-06,Loko Moscow,Arsenal Tula,2,1,NA,NA,11204,Sergey Lapochkin,https://fbref.com/en/matches/851bc62e/Lokomotiv-Moscow-Arsenal-Tula-October-6-2019-Russian-Premier-League,1,1,2,0,19,6,17,14,12,0,0,5,0,7,2,15,9,17,2019-2020
2019-10-06,CSKA Moscow,Rostov,1,3,NA,NA,18456,Vasiliy Kazartsev,https://fbref.com/en/matches/fe398460/CSKA-Moscow-Rostov-October-6-2019-Russian-Premier-League,1,1,1,0,20,8,6,12,5,0,0,2,0,11,7,8,12,11,2019-2020
2019-10-06,Krasnodar,Spartak Moscow,2,1,NA,NA,32238,Vitaly Meshkov,https://fbref.com/en/matches/3066ea14/Krasnodar-Spartak-Moscow-October-6-2019-Russian-Premier-League,0,0,5,1,17,3,12,21,15,0,0,4,1,10,3,10,15,14,2019-2020
2019-10-18,Akhmat Grozny,Loko Moscow,0,2,NA,NA,13776,Stanislav Vasilyev,https://fbref.com/en/matches/86a10869/Akhmat-Grozny-Lokomotiv-Moscow-October-18-2019-Russian-Premier-League,0,0,2,0,13,5,7,15,19,0,0,2,0,12,6,11,14,14,2019-2020
2019-10-19,Tambov,Ural,1,2,NA,NA,1883,Igor Panin,https://fbref.com/en/matches/d679a356/Tambov-Ural-Yekaterinburg-October-19-2019-Russian-Premier-League,1,1,0,0,18,5,10,15,11,0,0,4,0,12,3,14,10,30,2019-2020
2019-10-19,Spartak Moscow,Rubin Kazan,0,0,NA,NA,26844,Sergey Lapochkin,https://fbref.com/en/matches/58951106/Spartak-Moscow-Rubin-Kazan-October-19-2019-Russian-Premier-League,0,0,1,0,23,7,11,8,13,0,0,3,0,10,3,9,12,14,2019-2020
2019-10-19,Zenit,Rostov,6,1,NA,NA,58639,Sergey Karasev,https://fbref.com/en/matches/762ca616/Zenit-Rostov-October-19-2019-Russian-Premier-League,2,2,3,0,17,9,12,12,12,1,1,4,0,11,4,11,11,17,2019-2020
2019-10-20,Orenburg,Samara,0,1,NA,NA,4311,Vasiliy Kazartsev,https://fbref.com/en/matches/23511338/Orenburg-Samara-October-20-2019-Russian-Premier-League,0,0,3,0,28,9,6,10,9,0,0,3,1,14,6,11,14,10,2019-2020
2019-10-20,Ufa,CSKA Moscow,1,1,NA,NA,11282,Nikolay Voloshin,https://fbref.com/en/matches/231c640e/Ufa-CSKA-Moscow-October-20-2019-Russian-Premier-League,0,0,2,0,19,5,10,18,11,0,0,0,0,16,4,6,17,10,2019-2020
2019-10-20,Arsenal Tula,Sochi,1,1,NA,NA,11475,Vitaly Meshkov,https://fbref.com/en/matches/748fc2e7/Arsenal-Tula-Sochi-October-20-2019-Russian-Premier-League,1,1,4,0,23,7,9,5,12,0,0,6,1,11,3,9,12,15,2019-2020
2019-10-20,Dynamo Mosc,Krasnodar,1,1,NA,NA,15374,Mikhail Vilkov,https://fbref.com/en/matches/1badba5b/Dynamo-Moscow-Krasnodar-October-20-2019-Russian-Premier-League,0,0,5,0,16,2,10,18,15,0,0,3,0,19,5,11,12,13,2019-2020
2019-10-25,Rubin Kazan,Ural,0,0,NA,NA,5086,Vitaly Meshkov,https://fbref.com/en/matches/b856751e/Rubin-Kazan-Ural-Yekaterinburg-October-25-2019-Russian-Premier-League,0,0,3,0,17,6,12,23,10,0,0,4,0,15,4,17,26,20,2019-2020
2019-10-26,Tambov,Ufa,3,0,NA,NA,1451,Sergey Lapochkin,https://fbref.com/en/matches/fea2961f/Tambov-Ufa-October-26-2019-Russian-Premier-League,0,0,4,1,12,4,6,12,19,0,0,4,0,10,0,11,8,13,2019-2020
2019-10-26,Akhmat Grozny,Arsenal Tula,1,1,NA,NA,11265,Nikolay Voloshin,https://fbref.com/en/matches/c588dd5e/Akhmat-Grozny-Arsenal-Tula-October-26-2019-Russian-Premier-League,0,0,4,1,12,4,20,16,27,0,0,3,0,14,2,10,12,15,2019-2020
2019-10-26,Rostov,Sochi,2,0,NA,NA,33716,Evgeny Turbin,https://fbref.com/en/matches/69df3d99/Rostov-Sochi-October-26-2019-Russian-Premier-League,0,0,2,0,22,9,6,7,13,0,0,0,0,14,5,4,16,14,2019-2020
2019-10-27,Samara,Zenit,0,2,NA,NA,32560,Stanislav Vasilyev,https://fbref.com/en/matches/c3036ec8/Samara-Zenit-October-27-2019-Russian-Premier-League,0,0,2,0,6,1,10,7,15,0,0,1,0,25,9,8,7,8,2019-2020
2019-10-27,CSKA Moscow,Dynamo Mosc,0,1,NA,NA,20019,Sergey Karasev,https://fbref.com/en/matches/9286248d/CSKA-Moscow-Dynamo-Moscow-October-27-2019-Russian-Premier-League,0,1,1,0,11,2,6,4,15,0,0,3,0,8,4,21,17,15,2019-2020
2019-10-27,Loko Moscow,Spartak Moscow,0,3,NA,NA,22863,Aleksey Eskov,https://fbref.com/en/matches/c1173724/Lokomotiv-Moscow-Spartak-Moscow-October-27-2019-Russian-Premier-League,0,0,4,0,19,5,10,12,19,0,0,2,0,12,4,16,15,13,2019-2020
2019-10-27,Krasnodar,Orenburg,1,1,NA,NA,30638,Aleksey Matyunin,https://fbref.com/en/matches/79c01d5b/Krasnodar-Orenburg-October-27-2019-Russian-Premier-League,0,0,0,1,19,6,8,6,9,0,0,1,0,9,3,6,24,14,2019-2020
2019-11-02,Dynamo Mosc,Akhmat Grozny,1,1,NA,NA,10092,Sergey Lapochkin,https://fbref.com/en/matches/587920eb/Dynamo-Moscow-Akhmat-Grozny-November-2-2019-Russian-Premier-League,0,1,5,1,5,2,10,13,23,1,1,5,0,9,5,10,21,14,2019-2020
2019-11-02,Ufa,Loko Moscow,1,1,NA,NA,6157,Evgeny Turbin,https://fbref.com/en/matches/769efae8/Ufa-Lokomotiv-Moscow-November-2-2019-Russian-Premier-League,1,1,1,0,8,3,6,9,10,0,0,8,0,15,2,11,13,12,2019-2020
2019-11-02,Sochi,Tambov,1,2,NA,NA,6138,Nikolay Voloshin,https://fbref.com/en/matches/9a37b413/Sochi-Tambov-November-2-2019-Russian-Premier-League,0,0,3,0,21,2,12,7,12,0,0,2,0,12,6,14,10,9,2019-2020
2019-11-02,Zenit,CSKA Moscow,1,1,NA,NA,48141,Mikhail Vilkov,https://fbref.com/en/matches/5b0b3c32/Zenit-CSKA-Moscow-November-2-2019-Russian-Premier-League,0,0,3,0,27,6,10,8,5,0,0,5,1,11,3,10,14,10,2019-2020
2019-11-03,Krasnodar,Rostov,2,2,NA,NA,34265,Aleksey Eskov,https://fbref.com/en/matches/62ff492a/Krasnodar-Rostov-November-3-2019-Russian-Premier-League,0,0,0,0,21,8,5,6,10,0,0,4,0,5,3,12,16,23,2019-2020
2019-11-04,Ural,Orenburg,1,2,NA,NA,6797,Stanislav Vasilyev,https://fbref.com/en/matches/511239dc/Ural-Yekaterinburg-Orenburg-November-4-2019-Russian-Premier-League,0,0,2,0,21,4,13,11,13,0,0,2,0,14,3,10,18,10,2019-2020
2019-11-04,Samara,Rubin Kazan,0,0,NA,NA,10842,Vladislav Bezborodov,https://fbref.com/en/matches/fc784340/Samara-Rubin-Kazan-November-4-2019-Russian-Premier-League,0,0,3,0,17,7,10,10,13,0,0,4,0,12,4,14,10,21,2019-2020
2019-11-04,Spartak Moscow,Arsenal Tula,0,1,NA,NA,19310,Aleksey Sukhoy,https://fbref.com/en/matches/41d0f7c9/Spartak-Moscow-Arsenal-Tula-November-4-2019-Russian-Premier-League,0,0,1,0,18,4,4,7,22,0,0,2,0,5,2,7,8,13,2019-2020
2019-11-08,Akhmat Grozny,Ural,0,0,NA,NA,12474,Sergey Ivanov,https://fbref.com/en/matches/86c06e65/Akhmat-Grozny-Ural-Yekaterinburg-November-8-2019-Russian-Premier-League,0,0,2,0,13,3,14,11,13,0,0,0,0,15,2,10,18,13,2019-2020
2019-11-09,Rubin Kazan,Dynamo Mosc,0,1,NA,NA,4757,Evgeny Turbin,https://fbref.com/en/matches/b6ad2649/Rubin-Kazan-Dynamo-Moscow-November-9-2019-Russian-Premier-League,0,0,4,1,9,3,15,13,13,0,0,4,1,11,6,13,20,11,2019-2020
2019-11-09,Rostov,Tambov,1,2,NA,NA,25589,Sergey Karasev,https://fbref.com/en/matches/06fc29a8/Rostov-Tambov-November-9-2019-Russian-Premier-League,0,0,2,0,18,4,16,6,13,0,0,4,0,10,5,11,8,13,2019-2020
2019-11-09,Spartak Moscow,Samara,2,0,NA,NA,18719,Vitaly Meshkov,https://fbref.com/en/matches/d593dfde/Spartak-Moscow-Samara-November-9-2019-Russian-Premier-League,1,1,2,0,18,5,14,11,16,0,0,0,2,13,3,15,13,9,2019-2020
2019-11-10,Orenburg,Ufa,0,0,NA,NA,2582,Mikhail Vilkov,https://fbref.com/en/matches/a8b6111e/Orenburg-Ufa-November-10-2019-Russian-Premier-League,0,0,2,0,11,2,10,12,17,0,0,0,0,9,0,7,14,19,2019-2020
2019-11-10,Arsenal Tula,Zenit,0,1,NA,NA,16095,Aleksey Eskov,https://fbref.com/en/matches/ceef3e6b/Arsenal-Tula-Zenit-November-10-2019-Russian-Premier-League,0,0,2,0,14,4,8,7,11,0,0,1,0,17,4,15,13,12,2019-2020
2019-11-10,Sochi,CSKA Moscow,2,3,NA,NA,15318,Stanislav Vasilyev,https://fbref.com/en/matches/9ded6165/Sochi-CSKA-Moscow-November-10-2019-Russian-Premier-League,1,1,3,0,7,4,11,10,8,0,0,4,0,21,8,5,9,16,2019-2020
2019-11-10,Loko Moscow,Krasnodar,1,1,NA,NA,17612,Vladislav Bezborodov,https://fbref.com/en/matches/755b4c41/Lokomotiv-Moscow-Krasnodar-November-10-2019-Russian-Premier-League,0,0,4,0,7,1,14,7,20,0,0,5,0,9,2,6,13,13,2019-2020
2019-11-22,Tambov,Loko Moscow,2,3,NA,NA,4038,Pavel Kukuyan,https://fbref.com/en/matches/615bbacb/Tambov-Lokomotiv-Moscow-November-22-2019-Russian-Premier-League,0,0,1,0,14,5,15,18,9,0,0,1,0,12,3,11,12,14,2019-2020
2019-11-23,Orenburg,Akhmat Grozny,1,2,NA,NA,1745,Aleksey Eskov,https://fbref.com/en/matches/d263a4f6/Orenburg-Akhmat-Grozny-November-23-2019-Russian-Premier-League,0,0,3,0,20,6,10,7,14,1,1,3,0,12,8,12,14,21,2019-2020
2019-11-23,Rubin Kazan,Zenit,1,2,NA,NA,8351,Sergey Ivanov,https://fbref.com/en/matches/7b03f23e/Rubin-Kazan-Zenit-November-23-2019-Russian-Premier-League,0,0,3,0,13,5,9,18,12,0,0,2,0,13,9,17,13,11,2019-2020
2019-11-23,Dynamo Mosc,Rostov,2,1,NA,NA,11569,Vasiliy Kazartsev,https://fbref.com/en/matches/aa03c315/Dynamo-Moscow-Rostov-November-23-2019-Russian-Premier-League,2,2,3,0,12,3,12,19,8,0,1,1,0,14,5,16,16,12,2019-2020
2019-11-24,Ufa,Sochi,1,1,NA,NA,4198,Aleksey Matyunin,https://fbref.com/en/matches/e1832c6e/Ufa-Sochi-November-24-2019-Russian-Premier-League,0,0,3,0,16,3,3,8,13,0,0,2,0,13,4,10,12,9,2019-2020
2019-11-24,Ural,Spartak Moscow,0,0,NA,NA,14637,Nikolay Voloshin,https://fbref.com/en/matches/0a0d8c9c/Ural-Yekaterinburg-Spartak-Moscow-November-24-2019-Russian-Premier-League,0,0,1,0,11,7,13,11,4,0,0,1,0,21,6,11,11,16,2019-2020
2019-11-24,Arsenal Tula,Krasnodar,1,2,NA,NA,7815,Stanislav Vasilyev,https://fbref.com/en/matches/0f9964b8/Arsenal-Tula-Krasnodar-November-24-2019-Russian-Premier-League,0,0,3,0,18,5,11,22,9,0,1,5,0,13,5,10,14,17,2019-2020
2019-11-24,CSKA Moscow,Samara,1,0,NA,NA,11895,Vladislav Bezborodov,https://fbref.com/en/matches/e5794bd2/CSKA-Moscow-Samara-November-24-2019-Russian-Premier-League,0,0,1,0,20,8,15,4,9,0,0,4,0,9,4,4,14,8,2019-2020
2019-11-30,Samara,Ufa,0,1,NA,NA,5349,Stanislav Vasilyev,https://fbref.com/en/matches/982ad4b0/Samara-Ufa-November-30-2019-Russian-Premier-League,0,0,1,0,15,8,8,11,9,0,0,3,0,15,7,13,9,16,2019-2020
2019-11-30,Rostov,Ural,0,0,NA,NA,11309,Aleksey Sukhoy,https://fbref.com/en/matches/f4bd0abd/Rostov-Ural-Yekaterinburg-November-30-2019-Russian-Premier-League,0,0,2,0,14,1,6,12,8,0,0,4,0,6,1,13,20,19,2019-2020
2019-11-30,Akhmat Grozny,Rubin Kazan,1,1,NA,NA,11564,Igor Panin,https://fbref.com/en/matches/f759cd8e/Akhmat-Grozny-Rubin-Kazan-November-30-2019-Russian-Premier-League,0,0,3,0,16,9,7,11,16,0,0,2,0,14,4,9,15,9,2019-2020
2019-12-01,Loko Moscow,Dynamo Mosc,1,2,NA,NA,17739,Sergey Karasev,https://fbref.com/en/matches/f3699d99/Lokomotiv-Moscow-Dynamo-Moscow-December-1-2019-Russian-Premier-League,1,1,3,0,13,2,7,8,15,1,1,1,0,12,7,18,15,17,2019-2020
2019-12-01,Zenit,Spartak Moscow,1,0,NA,NA,55119,Vitaly Meshkov,https://fbref.com/en/matches/90b2cd04/Zenit-Spartak-Moscow-December-1-2019-Russian-Premier-League,0,0,3,1,15,6,14,9,12,0,0,6,0,15,3,10,19,15,2019-2020
2019-12-02,Krasnodar,Tambov,0,0,NA,NA,15439,Sergey Lapochkin,https://fbref.com/en/matches/deb76723/Krasnodar-Tambov-December-2-2019-Russian-Premier-League,0,0,2,0,17,6,6,6,11,0,0,1,0,6,3,8,17,12,2019-2020
2019-12-02,CSKA Moscow,Arsenal Tula,0,1,NA,NA,8112,Nikolay Voloshin,https://fbref.com/en/matches/5dacde90/CSKA-Moscow-Arsenal-Tula-December-2-2019-Russian-Premier-League,0,0,1,0,19,7,7,10,14,0,0,2,0,10,3,7,23,17,2019-2020
2019-12-06,Zenit,Dynamo Mosc,3,0,NA,NA,48367,Nikolay Voloshin,https://fbref.com/en/matches/fe958e6a/Zenit-Dynamo-Moscow-December-6-2019-Russian-Premier-League,0,0,1,0,11,6,11,12,5,0,0,3,0,10,2,5,16,12,2019-2020
2019-12-06,Arsenal Tula,Loko Moscow,4,0,NA,NA,10284,Sergey Ivanov,https://fbref.com/en/matches/cb8a6633/Arsenal-Tula-Lokomotiv-Moscow-December-6-2019-Russian-Premier-League,0,0,1,0,13,8,18,7,21,0,0,4,1,10,3,6,16,13,2019-2020
2019-12-07,Tambov,Orenburg,3,0,NA,NA,835,Vladislav Bezborodov,https://fbref.com/en/matches/f468b8e1/Tambov-Orenburg-December-7-2019-Russian-Premier-League,0,0,1,0,12,3,14,15,15,0,0,5,1,16,5,10,14,15,2019-2020
2019-12-07,Krasnodar,CSKA Moscow,1,1,NA,NA,29567,Vasiliy Kazartsev,https://fbref.com/en/matches/8e6db1a3/Krasnodar-CSKA-Moscow-December-7-2019-Russian-Premier-League,0,1,1,0,13,4,12,23,11,0,0,6,0,8,4,11,22,12,2019-2020
2019-12-07,Akhmat Grozny,Ufa,0,1,NA,NA,13214,Sergey Karasev,https://fbref.com/en/matches/dccc6109/Akhmat-Grozny-Ufa-December-7-2019-Russian-Premier-League,0,0,0,0,12,2,13,6,14,0,0,0,0,7,3,8,10,17,2019-2020
2019-12-08,Samara,Ural,2,3,NA,NA,5196,Igor Panin,https://fbref.com/en/matches/2da6478c/Samara-Ural-Yekaterinburg-December-8-2019-Russian-Premier-League,0,0,3,0,11,3,14,14,23,0,0,3,0,18,9,12,7,19,2019-2020
2019-12-08,Sochi,Rubin Kazan,1,1,NA,NA,6104,Sergey Lapochkin,https://fbref.com/en/matches/77bdab42/Sochi-Rubin-Kazan-December-8-2019-Russian-Premier-League,0,0,1,0,11,2,8,10,10,0,0,1,0,17,4,5,9,14,2019-2020
2019-12-08,Spartak Moscow,Rostov,1,4,NA,NA,22132,Evgeny Turbin,https://fbref.com/en/matches/b60879a8/Spartak-Moscow-Rostov-December-8-2019-Russian-Premier-League,0,0,3,0,24,8,10,9,12,0,1,2,0,15,6,8,13,12,2019-2020
2020-02-28,Samara,Orenburg,1,1,NA,NA,8139,Vitaly Meshkov,https://fbref.com/en/matches/1f70eefe/Samara-Orenburg-February-28-2020-Russian-Premier-League,0,0,1,1,9,4,6,14,8,0,1,5,0,16,7,9,7,21,2019-2020
2020-02-29,CSKA Moscow,Ural,1,1,NA,NA,14008,Pavel Kukuyan,https://fbref.com/en/matches/87e73935/CSKA-Moscow-Ural-Yekaterinburg-February-29-2020-Russian-Premier-League,0,0,0,0,20,6,3,9,7,0,0,2,0,8,1,14,14,10,2019-2020
2020-02-29,Dynamo Mosc,Spartak Moscow,0,2,NA,NA,24946,Sergey Karasev,https://fbref.com/en/matches/b9332618/Dynamo-Moscow-Spartak-Moscow-February-29-2020-Russian-Premier-League,0,0,2,0,9,1,12,9,11,0,0,0,0,11,4,13,15,10,2019-2020
2020-02-29,Zenit,Loko Moscow,0,0,NA,NA,51463,Evgeny Turbin,https://fbref.com/en/matches/13eae59e/Zenit-Lokomotiv-Moscow-February-29-2020-Russian-Premier-League,0,0,3,0,18,4,7,6,13,0,0,2,0,11,1,14,9,13,2019-2020
2020-02-29,Akhmat Grozny,Rostov,1,1,NA,NA,12681,Sergey Lapochkin,https://fbref.com/en/matches/ce3a2b2d/Akhmat-Grozny-Rostov-February-29-2020-Russian-Premier-League,1,1,5,0,12,7,6,19,11,0,0,3,0,14,5,11,5,13,2019-2020
2020-03-01,Tambov,Rubin Kazan,0,0,NA,NA,3858,Aleksey Eskov,https://fbref.com/en/matches/0651e00e/Tambov-Rubin-Kazan-March-1-2020-Russian-Premier-League,0,0,2,0,17,5,10,27,15,0,0,2,0,12,3,6,9,8,2019-2020
2020-03-01,Krasnodar,Ufa,2,0,NA,NA,31966,Stanislav Vasilyev,https://fbref.com/en/matches/8e7491a9/Krasnodar-Ufa-March-1-2020-Russian-Premier-League,1,1,4,0,12,7,9,13,17,0,0,5,0,7,1,9,14,17,2019-2020
2020-03-01,Sochi,Arsenal Tula,1,2,NA,NA,5720,Vladislav Bezborodov,https://fbref.com/en/matches/2894b52c/Sochi-Arsenal-Tula-March-1-2020-Russian-Premier-League,0,0,2,0,13,8,11,14,11,0,0,2,0,5,2,13,16,16,2019-2020
2020-03-07,Orenburg,Arsenal Tula,2,0,NA,NA,2457,Pavel Kukuyan,https://fbref.com/en/matches/ebc7873f/Orenburg-Arsenal-Tula-March-7-2020-Russian-Premier-League,0,0,3,0,15,3,10,11,17,0,0,6,1,12,2,11,9,8,2019-2020
2020-03-07,Dynamo Mosc,Tambov,1,0,NA,NA,10143,Vasiliy Kazartsev,https://fbref.com/en/matches/130eab84/Dynamo-Moscow-Tambov-March-7-2020-Russian-Premier-League,0,0,1,0,10,3,13,6,8,0,0,4,0,7,1,11,7,14,2019-2020
2020-03-08,Rubin Kazan,Samara,0,1,NA,NA,5766,Vladimir Moskalev,https://fbref.com/en/matches/9c8e5c49/Rubin-Kazan-Samara-March-8-2020-Russian-Premier-League,0,0,4,1,9,2,14,11,19,0,0,5,1,11,7,15,9,18,2019-2020
2020-03-08,Sochi,Ural,2,0,NA,NA,5051,Mikhail Vilkov,https://fbref.com/en/matches/875e7374/Sochi-Ural-Yekaterinburg-March-8-2020-Russian-Premier-League,0,0,1,0,16,5,9,21,15,0,0,2,0,8,3,17,13,10,2019-2020
2020-03-08,Loko Moscow,Akhmat Grozny,1,0,NA,NA,14689,Kirill Levnikov,https://fbref.com/en/matches/2a49905c/Lokomotiv-Moscow-Akhmat-Grozny-March-8-2020-Russian-Premier-League,0,0,3,1,14,2,8,16,11,0,1,3,0,15,4,8,11,14,2019-2020
2020-03-09,Rostov,CSKA Moscow,3,2,NA,NA,40432,Vladislav Bezborodov,https://fbref.com/en/matches/6b8d9f0d/Rostov-CSKA-Moscow-March-9-2020-Russian-Premier-League,1,2,5,0,28,11,4,7,19,0,1,5,2,8,4,2,1,16,2019-2020
2020-03-09,Spartak Moscow,Krasnodar,0,1,NA,NA,28245,Sergey Lapochkin,https://fbref.com/en/matches/cead93ab/Spartak-Moscow-Krasnodar-March-9-2020-Russian-Premier-League,0,0,5,1,14,4,5,11,19,1,1,3,0,17,6,8,2,13,2019-2020
2020-03-09,Zenit,Ufa,0,0,NA,NA,42191,Aleksey Sukhoy,https://fbref.com/en/matches/ddc44b7e/Zenit-Ufa-March-9-2020-Russian-Premier-League,0,0,2,0,18,3,4,3,9,0,0,3,0,7,2,7,11,12,2019-2020
2020-03-11,Sochi,Orenburg,5,1,NA,NA,5147,Evgeny Turbin,https://fbref.com/en/matches/78a49d26/Sochi-Orenburg-March-11-2020-Russian-Premier-League,1,1,0,0,14,6,7,9,13,0,0,1,0,12,5,12,9,18,2019-2020
2020-03-13,Akhmat Grozny,Dynamo Mosc,2,3,NA,NA,13232,Vitaly Meshkov,https://fbref.com/en/matches/2e6024dd/Akhmat-Grozny-Dynamo-Moscow-March-13-2020-Russian-Premier-League,0,0,6,0,15,6,4,7,10,1,1,2,0,12,5,6,9,12,2019-2020
2020-03-14,Orenburg,Spartak Moscow,1,3,NA,NA,4935,Vasiliy Kazartsev,https://fbref.com/en/matches/d63c8715/Orenburg-Spartak-Moscow-March-14-2020-Russian-Premier-League,0,0,2,0,18,6,13,11,16,0,0,2,0,12,7,25,6,8,2019-2020
2020-03-14,Zenit,Ural,7,1,NA,NA,33677,Vladimir Moskalev,https://fbref.com/en/matches/f4795f97/Zenit-Ural-Yekaterinburg-March-14-2020-Russian-Premier-League,1,1,1,0,30,18,17,10,11,1,1,1,0,14,6,7,7,13,2019-2020
2020-03-14,Arsenal Tula,Rubin Kazan,0,1,NA,NA,8831,Sergey Lapochkin,https://fbref.com/en/matches/f815c93a/Arsenal-Tula-Rubin-Kazan-March-14-2020-Russian-Premier-League,0,0,3,0,15,6,14,7,12,0,0,5,1,6,2,15,10,22,2019-2020
2020-03-15,Sochi,Krasnodar,2,0,NA,NA,0,Sergey Ivanov,https://fbref.com/en/matches/d23f1705/Sochi-Krasnodar-March-15-2020-Russian-Premier-League,0,0,2,0,15,8,10,13,18,0,0,1,0,7,3,8,13,7,2019-2020
2020-03-15,CSKA Moscow,Ufa,0,0,NA,NA,3428,Nikolay Voloshin,https://fbref.com/en/matches/45fafcf5/CSKA-Moscow-Ufa-March-15-2020-Russian-Premier-League,0,0,1,0,19,7,11,9,9,0,0,3,0,5,1,11,23,8,2019-2020
2020-03-15,Rostov,Loko Moscow,1,3,NA,NA,30127,Mikhail Vilkov,https://fbref.com/en/matches/932d86f2/Rostov-Lokomotiv-Moscow-March-15-2020-Russian-Premier-League,1,1,2,0,19,8,13,7,12,0,0,1,0,11,4,10,12,19,2019-2020
2020-03-16,Tambov,Samara,3,0,NA,NA,2702,Sergey Karasev,https://fbref.com/en/matches/4b9dbf04/Tambov-Samara-March-16-2020-Russian-Premier-League,0,0,2,0,15,9,15,14,8,0,0,4,0,19,2,9,8,15,2019-2020
2020-06-19,Samara,Akhmat Grozny,2,4,NA,NA,4107,Aleksey Eskov,https://fbref.com/en/matches/99b611e3/Samara-Akhmat-Grozny-June-19-2020-Russian-Premier-League,0,0,3,0,10,5,8,15,11,0,0,2,0,26,10,12,19,18,2019-2020
2020-06-19,Sochi,Rostov,10,1,NA,NA,2807,Aleksey Sukhoy,https://fbref.com/en/matches/9c971926/Sochi-Rostov-June-19-2020-Russian-Premier-League,0,1,2,0,41,25,7,9,14,0,0,3,0,2,1,13,18,11,2019-2020
2020-06-20,Ural,Rubin Kazan,1,2,NA,NA,3043,Vasiliy Kazartsev,https://fbref.com/en/matches/f74e9281/Ural-Yekaterinburg-Rubin-Kazan-June-20-2020-Russian-Premier-League,0,0,3,0,18,5,15,11,8,0,0,2,1,13,6,7,6,13,2019-2020
2020-06-20,Arsenal Tula,Spartak Moscow,2,3,NA,NA,1896,Evgeny Turbin,https://fbref.com/en/matches/1334e23c/Arsenal-Tula-Spartak-Moscow-June-20-2020-Russian-Premier-League,0,1,3,0,22,6,5,6,10,0,0,6,0,15,6,10,8,24,2019-2020
2020-06-20,CSKA Moscow,Zenit,0,4,NA,NA,2904,Sergey Ivanov,https://fbref.com/en/matches/2dc30e0f/CSKA-Moscow-Zenit-June-20-2020-Russian-Premier-League,0,0,2,1,25,4,9,13,16,1,1,3,0,15,8,14,9,7,2019-2020
2020-06-21,Ufa,Tambov,2,1,NA,NA,456,Vitaly Meshkov,https://fbref.com/en/matches/b086d673/Ufa-Tambov-June-21-2020-Russian-Premier-League,1,1,2,0,19,9,8,13,21,0,0,5,1,7,2,10,10,8,2019-2020
2020-06-21,Loko Moscow,Orenburg,1,0,NA,NA,1800,Stanislav Vasilyev,https://fbref.com/en/matches/b33fa7e7/Lokomotiv-Moscow-Orenburg-June-21-2020-Russian-Premier-League,0,1,4,1,23,6,7,13,9,0,0,9,2,10,2,6,5,20,2019-2020
2020-06-26,Akhmat Grozny,Sochi,1,1,NA,NA,2807,Sergey Karasev,https://fbref.com/en/matches/32e826bb/Akhmat-Grozny-Sochi-June-26-2020-Russian-Premier-League,0,0,1,0,23,7,7,10,11,0,0,1,0,10,2,11,11,7,2019-2020
2020-06-26,Zenit,Samara,2,1,NA,NA,6379,Pavel Kukuyan,https://fbref.com/en/matches/4be653e2/Zenit-Samara-June-26-2020-Russian-Premier-League,2,2,2,0,26,6,11,6,7,0,0,3,0,6,1,11,14,12,2019-2020
2020-06-27,Orenburg,Krasnodar,0,3,NA,NA,0,Sergey Lapochkin,https://fbref.com/en/matches/12247400/Orenburg-Krasnodar-June-27-2020-Russian-Premier-League,NA,NA,NA,NA,NA,NA,NA,NA,NA,NA,NA,NA,NA,NA,NA,NA,NA,NA,2019-2020
2020-06-27,Spartak Moscow,Ufa,0,0,NA,NA,4179,Vladislav Bezborodov,https://fbref.com/en/matches/1848d72c/Spartak-Moscow-Ufa-June-27-2020-Russian-Premier-League,0,0,2,0,13,2,10,4,9,0,0,2,0,6,4,13,4,13,2019-2020
2020-06-27,Rubin Kazan,Loko Moscow,0,2,NA,NA,4189,Nikolay Voloshin,https://fbref.com/en/matches/bb3ba355/Rubin-Kazan-Lokomotiv-Moscow-June-27-2020-Russian-Premier-League,0,0,3,0,11,2,12,8,10,1,1,4,0,11,3,10,4,13,2019-2020
2020-06-27,Dynamo Mosc,CSKA Moscow,0,0,NA,NA,2432,Kirill Levnikov,https://fbref.com/en/matches/8f8477c7/Dynamo-Moscow-CSKA-Moscow-June-27-2020-Russian-Premier-League,0,0,2,0,11,1,6,13,10,0,0,3,1,9,3,8,13,15,2019-2020
2020-06-27,Rostov,Arsenal Tula,2,1,NA,NA,4505,Vladimir Moskalev,https://fbref.com/en/matches/2c65533b/Rostov-Arsenal-Tula-June-27-2020-Russian-Premier-League,0,0,4,1,10,4,2,10,15,0,0,5,0,15,3,4,7,14,2019-2020
2020-06-28,Ural,Tambov,2,1,NA,NA,3471,Aleksey Matyunin,https://fbref.com/en/matches/2406c0b0/Ural-Yekaterinburg-Tambov-June-28-2020-Russian-Premier-League,1,1,7,1,10,3,17,5,17,0,0,3,0,12,3,10,2,13,2019-2020
2020-06-30,Loko Moscow,Samara,1,1,NA,NA,0,Aleksey Sukhoy,https://fbref.com/en/matches/64f40879/Lokomotiv-Moscow-Samara-June-30-2020-Russian-Premier-League,0,0,5,1,19,4,8,11,18,0,0,7,1,13,7,21,20,18,2019-2020
2020-06-30,CSKA Moscow,Spartak Moscow,2,0,NA,NA,0,Aleksey Eskov,https://fbref.com/en/matches/30f8d6ac/CSKA-Moscow-Spartak-Moscow-June-30-2020-Russian-Premier-League,0,0,5,0,16,6,15,10,18,0,0,3,1,13,2,8,10,13,2019-2020
2020-07-01,Ufa,Rubin Kazan,0,0,NA,NA,0,Evgeny Turbin,https://fbref.com/en/matches/5cadcfca/Ufa-Rubin-Kazan-July-1-2020-Russian-Premier-League,0,0,3,0,0,0,0,0,0,0,0,2,0,0,0,0,0,0,2019-2020
2020-07-01,Orenburg,Ural,0,3,NA,NA,0,Evgeny Kukulyak,https://fbref.com/en/matches/9fe681e4/Orenburg-Ural-Yekaterinburg-July-1-2020-Russian-Premier-League,NA,NA,NA,NA,NA,NA,NA,NA,NA,NA,NA,NA,NA,NA,NA,NA,NA,NA,2019-2020
2020-07-01,Tambov,Zenit,1,2,NA,NA,0,Mikhail Vilkov,https://fbref.com/en/matches/993dacaf/Tambov-Zenit-July-1-2020-Russian-Premier-League,1,1,2,0,0,0,0,0,0,0,0,0,0,0,0,0,0,0,2019-2020
2020-07-01,Arsenal Tula,Akhmat Grozny,1,3,NA,NA,0,Vasiliy Kazartsev,https://fbref.com/en/matches/ffdd60d4/Arsenal-Tula-Akhmat-Grozny-July-1-2020-Russian-Premier-League,0,0,2,0,0,0,0,0,0,1,1,4,0,0,0,0,0,0,2019-2020
2020-07-01,Rostov,Krasnodar,1,1,NA,NA,0,Vitaly Meshkov,https://fbref.com/en/matches/a84e731b/Rostov-Krasnodar-July-1-2020-Russian-Premier-League,1,1,5,0,8,3,5,4,21,0,0,4,0,13,3,7,10,14,2019-2020
2020-07-01,Sochi,Dynamo Mosc,1,1,NA,NA,3701,Igor Panin,https://fbref.com/en/matches/d6f81fae/Sochi-Dynamo-Moscow-July-1-2020-Russian-Premier-League,1,1,4,0,13,3,10,2,16,1,1,5,1,17,6,9,7,11,2019-2020
2020-07-04,Dynamo Mosc,Arsenal Tula,0,1,NA,NA,2254,Vladislav Bezborodov,https://fbref.com/en/matches/dfa9b54d/Dynamo-Moscow-Arsenal-Tula-July-4-2020-Russian-Premier-League,0,0,2,0,24,9,9,8,7,0,0,8,1,5,1,15,16,15,2019-2020
2020-07-04,Spartak Moscow,Tambov,2,3,NA,NA,4163,Vladimir Moskalev,https://fbref.com/en/matches/98df7688/Spartak-Moscow-Tambov-July-4-2020-Russian-Premier-League,1,1,4,0,17,8,5,10,26,1,1,3,0,9,3,11,11,9,2019-2020
2020-07-04,Samara,Rostov,0,0,NA,NA,0,Nikolay Voloshin,https://fbref.com/en/matches/5444a608/Samara-Rostov-July-4-2020-Russian-Premier-League,0,0,3,1,10,4,6,14,13,0,0,4,1,14,2,6,8,17,2019-2020
2020-07-04,Akhmat Grozny,CSKA Moscow,0,4,NA,NA,1473,Pavel Kukuyan,https://fbref.com/en/matches/c06107e0/Akhmat-Grozny-CSKA-Moscow-July-4-2020-Russian-Premier-League,0,0,0,0,7,0,5,8,7,0,0,2,0,12,6,6,4,14,2019-2020
2020-07-04,Loko Moscow,Sochi,0,0,NA,NA,0,Aleksey Matyunin,https://fbref.com/en/matches/c49dbd50/Lokomotiv-Moscow-Sochi-July-4-2020-Russian-Premier-League,0,1,4,0,18,5,7,5,11,0,0,4,0,10,4,9,12,14,2019-2020
2020-07-05,Ufa,Ural,1,1,NA,NA,1288,Sergey Lapochkin,https://fbref.com/en/matches/9530c1e8/Ufa-Ural-Yekaterinburg-July-5-2020-Russian-Premier-League,0,0,6,1,12,4,4,13,16,0,0,2,0,8,4,5,14,11,2019-2020
2020-07-05,Rubin Kazan,Orenburg,1,0,NA,NA,2604,Kirill Levnikov,https://fbref.com/en/matches/d6add9da/Rubin-Kazan-Orenburg-July-5-2020-Russian-Premier-League,0,0,2,0,19,6,16,15,17,0,0,2,0,15,3,7,6,6,2019-2020
2020-07-05,Krasnodar,Zenit,2,4,NA,NA,0,Sergey Karasev,https://fbref.com/en/matches/9a0b9171/Krasnodar-Zenit-July-5-2020-Russian-Premier-League,0,1,5,0,25,11,7,13,11,1,1,3,0,14,5,3,11,15,2019-2020
2020-07-07,Tambov,Akhmat Grozny,1,2,NA,NA,0,Sergey Ivanov,https://fbref.com/en/matches/2a14327b/Tambov-Akhmat-Grozny-July-7-2020-Russian-Premier-League,1,1,3,0,7,2,4,12,10,1,1,5,0,8,3,10,13,10,2019-2020
2020-07-07,Arsenal Tula,Samara,2,4,NA,NA,0,Mikhail Vilkov,https://fbref.com/en/matches/1aaccaa9/Arsenal-Tula-Samara-July-7-2020-Russian-Premier-League,0,0,3,0,11,3,12,10,12,0,0,5,0,19,6,14,16,11,2019-2020
2020-07-08,Zenit,Sochi,2,1,NA,NA,0,Evgeny Turbin,https://fbref.com/en/matches/1bd6f3e5/Zenit-Sochi-July-8-2020-Russian-Premier-League,0,0,2,0,10,3,6,11,17,0,0,3,0,18,5,9,17,9,2019-2020
2020-07-08,Orenburg,CSKA Moscow,0,4,NA,NA,0,Aleksey Sukhoy,https://fbref.com/en/matches/af4e1259/Orenburg-CSKA-Moscow-July-8-2020-Russian-Premier-League,0,0,4,0,9,3,9,10,11,0,0,2,0,19,10,5,14,11,2019-2020
2020-07-08,Spartak Moscow,Loko Moscow,1,1,NA,NA,3754,Sergey Lapochkin,https://fbref.com/en/matches/dcd463c1/Spartak-Moscow-Lokomotiv-Moscow-July-8-2020-Russian-Premier-League,0,0,3,0,11,5,13,13,9,1,1,3,0,14,1,12,16,11,2019-2020
2020-07-08,Rostov,Ufa,1,2,NA,NA,4541,Aleksey Eskov,https://fbref.com/en/matches/229dbdb2/Rostov-Ufa-July-8-2020-Russian-Premier-League,0,0,6,0,17,5,7,6,13,1,1,2,0,14,6,3,9,11,2019-2020
2020-07-09,Ural,Dynamo Mosc,2,1,NA,NA,0,Vladimir Moskalev,https://fbref.com/en/matches/da1d3050/Ural-Yekaterinburg-Dynamo-Moscow-July-9-2020-Russian-Premier-League,0,0,3,0,17,7,7,8,12,0,0,3,0,14,4,8,16,11,2019-2020
2020-07-09,Rubin Kazan,Krasnodar,1,0,NA,NA,0,Stanislav Vasilyev,https://fbref.com/en/matches/30e4a41b/Rubin-Kazan-Krasnodar-July-9-2020-Russian-Premier-League,0,0,1,0,14,7,8,9,12,0,0,5,0,20,7,11,3,12,2019-2020
2020-07-11,Arsenal Tula,Tambov,2,1,NA,NA,0,Pavel Kukuyan,https://fbref.com/en/matches/532fd5f1/Arsenal-Tula-Tambov-July-11-2020-Russian-Premier-League,1,1,2,0,8,2,9,2,14,0,0,1,0,7,3,12,7,7,2019-2020
2020-07-11,Akhmat Grozny,Zenit,1,1,NA,NA,0,Mikhail Vilkov,https://fbref.com/en/matches/99a3552a/Akhmat-Grozny-Zenit-July-11-2020-Russian-Premier-League,0,0,1,0,15,4,3,5,9,0,0,2,1,9,3,12,5,11,2019-2020
2020-07-11,Sochi,Spartak Moscow,1,0,NA,NA,0,Sergey Ivanov,https://fbref.com/en/matches/e918a682/Sochi-Spartak-Moscow-July-11-2020-Russian-Premier-League,0,0,5,0,2,1,16,12,13,0,0,4,0,15,3,9,5,11,2019-2020
2020-07-12,Loko Moscow,Ufa,1,1,NA,NA,0,Vladislav Bezborodov,https://fbref.com/en/matches/d9f0d638/Lokomotiv-Moscow-Ufa-July-12-2020-Russian-Premier-League,0,0,3,0,22,7,9,4,13,1,1,3,0,11,6,9,9,11,2019-2020
2020-07-12,Dynamo Mosc,Samara,2,0,NA,NA,0,Sergey Karasev,https://fbref.com/en/matches/9c5b2a8e/Dynamo-Moscow-Samara-July-12-2020-Russian-Premier-League,2,2,4,1,2,2,0,0,0,0,0,5,0,0,0,0,0,0,2019-2020
2020-07-12,CSKA Moscow,Rubin Kazan,1,1,NA,NA,0,Aleksey Matyunin,https://fbref.com/en/matches/14860c1b/CSKA-Moscow-Rubin-Kazan-July-12-2020-Russian-Premier-League,0,0,6,0,19,5,9,14,11,1,1,4,0,13,6,12,10,7,2019-2020
2020-07-12,Orenburg,Rostov,0,0,NA,NA,0,Igor Panin,https://fbref.com/en/matches/b3b5c35a/Orenburg-Rostov-July-12-2020-Russian-Premier-League,0,0,1,0,8,3,7,12,13,0,0,1,0,14,3,11,9,15,2019-2020
2020-07-12,Krasnodar,Ural,3,0,NA,NA,2977,Kirill Levnikov,https://fbref.com/en/matches/4a150420/Krasnodar-Ural-Yekaterinburg-July-12-2020-Russian-Premier-League,1,1,2,0,27,9,9,7,11,0,0,2,0,12,3,16,18,14,2019-2020
2020-07-15,Ural,Arsenal Tula,1,3,NA,NA,3372,Nikolay Voloshin,https://fbref.com/en/matches/6fda82b3/Ural-Yekaterinburg-Arsenal-Tula-July-15-2020-Russian-Premier-League,0,0,3,0,11,6,3,12,8,0,0,7,0,12,5,14,6,16,2019-2020
2020-07-15,Spartak Moscow,Akhmat Grozny,3,0,NA,NA,3100,Aleksey Sukhoy,https://fbref.com/en/matches/281a1826/Spartak-Moscow-Akhmat-Grozny-July-15-2020-Russian-Premier-League,0,0,1,0,16,4,11,11,11,0,0,2,0,9,2,9,5,15,2019-2020
2020-07-15,Samara,Krasnodar,0,0,NA,NA,0,Vladimir Moskalev,https://fbref.com/en/matches/9a851f71/Samara-Krasnodar-July-15-2020-Russian-Premier-League,0,0,2,0,14,6,26,20,13,0,0,6,1,18,6,8,13,12,2019-2020
2020-07-15,Zenit,Orenburg,4,1,NA,NA,6395,Vitaly Meshkov,https://fbref.com/en/matches/97b15b7e/Zenit-Orenburg-July-15-2020-Russian-Premier-League,0,0,4,0,12,5,13,10,9,0,0,4,0,16,3,5,13,7,2019-2020
2020-07-16,Rubin Kazan,Rostov,0,0,NA,NA,4202,Vasiliy Kazartsev,https://fbref.com/en/matches/2697932d/Rubin-Kazan-Rostov-July-16-2020-Russian-Premier-League,0,0,4,0,14,6,7,9,12,0,0,5,0,11,3,9,9,8,2019-2020
2020-07-16,Ufa,Dynamo Mosc,0,1,NA,NA,1497,Pavel Kukuyan,https://fbref.com/en/matches/5984eda0/Ufa-Dynamo-Moscow-July-16-2020-Russian-Premier-League,0,0,2,0,6,1,9,16,5,1,1,0,0,14,4,9,9,8,2019-2020
2020-07-16,Loko Moscow,CSKA Moscow,2,1,NA,NA,0,Evgeny Turbin,https://fbref.com/en/matches/c25856fb/Lokomotiv-Moscow-CSKA-Moscow-July-16-2020-Russian-Premier-League,2,2,4,0,13,3,15,18,7,0,0,3,0,16,2,7,9,17,2019-2020
2020-07-16,Tambov,Sochi,3,0,NA,NA,0,,https://fbref.com/en/matches/d11c4bf0/Tambov-Sochi-July-16-2020-Russian-Premier-League,NA,NA,NA,NA,NA,NA,NA,NA,NA,NA,NA,NA,NA,NA,NA,NA,NA,NA,2019-2020
2020-07-19,Krasnodar,Dynamo Mosc,0,2,NA,NA,3518,Mikhail Vilkov,https://fbref.com/en/matches/7a8f6b10/Krasnodar-Dynamo-Moscow-July-19-2020-Russian-Premier-League,0,0,2,1,9,2,5,10,9,0,0,3,0,14,7,8,13,10,2019-2020
2020-07-22,CSKA Moscow,Tambov,2,0,NA,NA,2899,Kirill Levnikov,https://fbref.com/en/matches/aa3faf7c/CSKA-Moscow-Tambov-July-22-2020-Russian-Premier-League,0,0,2,0,17,4,6,9,14,0,0,4,1,1,1,10,11,8,2019-2020
2020-07-22,Rubin Kazan,Spartak Moscow,1,2,NA,NA,4226,Pavel Kukuyan,https://fbref.com/en/matches/db65def0/Rubin-Kazan-Spartak-Moscow-July-22-2020-Russian-Premier-League,1,1,5,0,9,3,10,13,15,2,2,4,0,9,3,11,19,14,2019-2020
2020-07-22,Dynamo Mosc,Orenburg,0,1,NA,NA,2445,Sergey Lapochkin,https://fbref.com/en/matches/6218306c/Dynamo-Moscow-Orenburg-July-22-2020-Russian-Premier-League,0,0,2,0,27,4,7,17,9,0,0,3,0,7,5,14,9,9,2019-2020
2020-07-22,Rostov,Zenit,1,2,NA,NA,4541,Sergey Karasev,https://fbref.com/en/matches/122aaffe/Rostov-Zenit-July-22-2020-Russian-Premier-League,0,0,3,0,13,2,8,12,13,0,0,1,0,11,5,13,12,12,2019-2020
2020-07-22,Krasnodar,Akhmat Grozny,4,0,NA,NA,3367,Vladislav Bezborodov,https://fbref.com/en/matches/4cf9e469/Krasnodar-Akhmat-Grozny-July-22-2020-Russian-Premier-League,0,0,1,0,23,12,9,12,13,0,0,4,0,9,3,5,15,15,2019-2020
2020-07-22,Samara,Sochi,3,0,NA,NA,0,,https://fbref.com/en/matches/832e1030/Samara-Sochi-July-22-2020-Russian-Premier-League,NA,NA,NA,NA,NA,NA,NA,NA,NA,NA,NA,NA,NA,NA,NA,NA,NA,NA,2019-2020
2020-07-22,Ufa,Arsenal Tula,0,0,NA,NA,1127,Aleksey Matyunin,https://fbref.com/en/matches/6b7be39e/Ufa-Arsenal-Tula-July-22-2020-Russian-Premier-League,0,0,1,0,6,2,9,12,7,0,0,3,0,16,4,6,12,14,2019-2020
2020-07-22,Ural,Loko Moscow,0,1,NA,NA,3458,Stanislav Vasilyev,https://fbref.com/en/matches/6e628626/Ural-Yekaterinburg-Lokomotiv-Moscow-July-22-2020-Russian-Premier-League,0,0,5,0,20,8,3,9,13,0,0,5,1,8,2,7,9,18,2019-2020
