date,home,away,home_score,away_score,home_xg,away_xg,attendance,referee,match_report_url,home_pk_goals,home_pk_attempts,home_yellow_cards,home_red_cards,home_shots,home_shots_on_target,home_touches,home_pressures,home_tackles,home_interceptions,home_blocks,home_shot_creating_actions,home_goal_creating_actions,home_passes_attempted,home_passes_completed,home_carries,home_passing_progressive_dist,home_carry_progressive_dist,home_dribble_attempts,home_dribble_success,home_fouls_committed,away_pk_goals,away_pk_attempts,away_yellow_cards,away_red_cards,away_shots,away_shots_on_target,away_touches,away_pressures,away_tackles,away_interceptions,away_blocks,away_shot_creating_actions,away_goal_creating_actions,away_passes_attempted,away_passes_completed,away_carries,away_passing_progressive_dist,away_carry_progressive_dist,away_dribble_attempts,away_dribble_success,away_fouls_committed,season
2019-08-16,Bayern Munich,Hertha BSC,2,2,2.6,1,75000,Harm Osmers,https://fbref.com/en/matches/64c6b172/Bayern-Munich-Hertha-BSC-August-16-2019-Bundesliga,1,1,3,0,17,6,844,120,8,5,13,32,4,738,643,613,3694,1941,22,15,6,0,0,3,0,6,3,434,265,15,11,25,7,3,302,218,252,1793,708,5,4,18,2019-2020
2019-08-17,Freiburg,Mainz 05,3,0,1.8,0.9,24000,Robert Hartmann,https://fbref.com/en/matches/ca302c1f/Freiburg-Mainz-05-August-17-2019-Bundesliga,1,1,1,0,18,7,580,147,14,8,16,32,5,447,348,399,2714,1484,19,17,6,0,0,3,0,19,5,524,163,21,12,23,29,0,389,298,323,2532,1038,18,12,14,2019-2020
2019-08-17,Leverkusen,Paderborn 07,3,2,2.7,1.2,26208,Tobias Stieler,https://fbref.com/en/matches/db6a3cfb/Bayer-Leverkusen-Paderborn-07-August-17-2019-Bundesliga,0,0,2,0,13,4,940,152,21,9,13,21,5,821,704,614,3851,1575,24,13,8,0,0,0,0,10,5,456,188,26,20,29,10,1,303,199,256,1730,967,27,13,13,2019-2020
2019-08-17,Dortmund,Augsburg,5,1,2.7,0.7,81365,Frank Willenborg,https://fbref.com/en/matches/cc473b97/Borussia-Dortmund-Augsburg-August-17-2019-Bundesliga,0,0,0,0,21,9,1040,121,16,7,10,26,8,939,861,842,3841,2237,36,21,8,0,0,0,0,5,1,393,186,28,17,13,8,2,264,196,201,1459,694,15,5,7,2019-2020
2019-08-17,Werder Bremen,Düsseldorf,1,3,2.4,0.9,42100,Felix Zwayer,https://fbref.com/en/matches/e2f8f9ad/Werder-Bremen-Fortuna-Dusseldorf-August-17-2019-Bundesliga,0,0,0,0,24,10,808,161,12,7,18,38,2,681,591,616,3522,1660,18,14,9,0,0,2,0,12,7,473,305,16,10,20,15,4,350,258,272,2415,865,11,7,13,2019-2020
2019-08-17,Wolfsburg,Köln,2,1,0.9,1.2,25099,Sven Jablonski,https://fbref.com/en/matches/8ba606b2/Wolfsburg-Koln-August-17-2019-Bundesliga,0,0,1,0,15,5,567,199,18,9,28,21,2,418,310,331,2304,1100,20,16,15,0,0,3,0,11,2,606,229,18,10,19,13,0,469,355,376,2975,1096,21,11,18,2019-2020
2019-08-17,M'gladbach,Schalke 04,0,0,1.6,0.6,54022,Felix Brych,https://fbref.com/en/matches/e0231248/Borussia-Monchengladbach-Schalke-04-August-17-2019-Bundesliga,0,0,3,0,16,4,686,154,16,14,17,20,0,580,463,505,3047,1729,30,17,10,0,0,2,0,8,1,506,218,19,23,22,11,0,392,283,309,2694,810,8,6,11,2019-2020
2019-08-18,Eint Frankfurt,Hoffenheim,1,0,1.1,0.6,50200,Daniel Siebert,https://fbref.com/en/matches/eef5167d/Eintracht-Frankfurt-Hoffenheim-August-18-2019-Bundesliga,0,0,3,0,15,7,426,212,26,9,19,21,2,285,190,238,1773,1055,19,8,19,0,0,1,0,10,1,742,107,23,9,22,18,0,592,502,500,3464,1171,19,11,9,2019-2020
2019-08-18,Union Berlin,RB Leipzig,0,4,0.5,3.1,22467,Markus Schmidt,https://fbref.com/en/matches/e9b15f14/Union-Berlin-RB-Leipzig-August-18-2019-Bundesliga,0,0,1,0,12,2,494,215,27,17,9,11,0,379,264,291,2434,1126,19,11,14,0,0,0,0,12,8,793,118,16,17,16,20,7,629,545,531,3776,1562,25,13,7,2019-2020
2019-08-23,Köln,Dortmund,1,3,0.7,1.4,50000,Christian Dingert,https://fbref.com/en/matches/b525a1fd/Koln-Borussia-Dortmund-August-23-2019-Bundesliga,0,0,2,0,11,1,393,227,23,13,16,12,1,261,169,200,1673,833,15,7,12,0,0,1,0,13,6,849,123,20,12,18,23,6,736,637,614,3354,2002,20,11,11,2019-2020
2019-08-24,Paderborn 07,Freiburg,1,3,1.7,2.2,14322,Tobias Welz,https://fbref.com/en/matches/189b5f4d/Paderborn-07-Freiburg-August-24-2019-Bundesliga,0,0,3,0,16,2,561,209,18,9,12,26,2,437,348,364,2222,1865,21,10,21,1,1,1,0,7,3,489,160,23,10,14,13,5,358,266,293,2003,844,20,11,6,2019-2020
2019-08-24,Hoffenheim,Werder Bremen,3,2,0.7,1.3,27333,Sascha Stegemann,https://fbref.com/en/matches/5a21ab95/Hoffenheim-Werder-Bremen-August-24-2019-Bundesliga,0,0,2,0,10,3,658,120,7,10,21,16,4,550,457,453,2983,1208,9,4,14,0,0,5,1,18,5,543,182,10,6,12,25,4,467,353,365,2382,937,7,5,17,2019-2020
2019-08-24,Augsburg,Union Berlin,1,1,1.3,1.1,27703,Robert Schröder,https://fbref.com/en/matches/83bc5f60/Augsburg-Union-Berlin-August-24-2019-Bundesliga,0,0,3,0,12,4,534,128,18,17,12,19,2,415,296,315,2411,945,8,6,17,0,0,1,1,12,2,468,93,11,16,17,16,1,340,233,237,2474,840,15,14,19,2019-2020
2019-08-24,Düsseldorf,Leverkusen,1,3,1,1.8,44538,Patrick Ittrich,https://fbref.com/en/matches/43413413/Fortuna-Dusseldorf-Bayer-Leverkusen-August-24-2019-Bundesliga,0,0,3,0,12,5,439,192,21,10,22,17,1,316,238,224,2116,939,24,12,15,0,0,2,0,12,6,792,155,18,10,13,20,5,690,601,600,3594,1490,12,6,11,2019-2020
2019-08-24,Mainz 05,M'gladbach,1,3,1.3,1.6,28005,Martin Petersen,https://fbref.com/en/matches/c8ba489a/Mainz-05-Borussia-Monchengladbach-August-24-2019-Bundesliga,0,0,2,0,18,4,572,143,20,16,17,28,2,413,325,328,2815,1163,12,5,13,0,0,2,0,13,6,591,144,16,9,12,23,5,451,365,338,2764,1153,19,7,15,2019-2020
2019-08-24,Schalke 04,Bayern Munich,0,3,1,1.5,62271,Marco Fritz,https://fbref.com/en/matches/abd795f9/Schalke-04-Bayern-Munich-August-24-2019-Bundesliga,0,0,0,0,11,2,501,131,20,16,13,20,0,382,306,334,2231,997,16,10,11,1,1,0,0,9,5,845,190,14,11,11,18,6,749,655,632,3988,1456,28,15,10,2019-2020
2019-08-25,RB Leipzig,Eint Frankfurt,2,1,1.4,1,40108,Benjamin Cortus,https://fbref.com/en/matches/32ccc187/RB-Leipzig-Eintracht-Frankfurt-August-25-2019-Bundesliga,0,0,2,0,13,5,577,202,19,10,17,20,3,447,350,360,2628,1258,21,12,10,0,0,3,0,10,5,683,238,16,7,19,13,2,563,467,509,2889,1871,17,12,15,2019-2020
2019-08-25,Hertha BSC,Wolfsburg,0,3,1.1,1.3,42738,Guido Winkmann,https://fbref.com/en/matches/cd9bb26d/Hertha-BSC-Wolfsburg-August-25-2019-Bundesliga,0,0,1,0,9,2,637,168,18,7,15,16,0,517,417,473,3046,1466,41,21,15,1,1,0,0,9,3,544,206,25,12,15,18,6,430,316,339,2680,1131,18,13,12,2019-2020
2019-08-30,M'gladbach,RB Leipzig,1,3,1.1,2.2,47327,Sven Jablonski,https://fbref.com/en/matches/2fd6cc1c/Borussia-Monchengladbach-RB-Leipzig-August-30-2019-Bundesliga,0,0,3,0,12,3,621,253,15,13,15,22,2,507,403,392,2807,1437,16,15,18,0,0,2,0,14,6,667,237,17,10,19,26,4,538,440,478,2841,1396,18,13,19,2019-2020
2019-08-31,Schalke 04,Hertha BSC,3,0,1,0.8,58875,Tobias Stieler,https://fbref.com/en/matches/75285bcb/Schalke-04-Hertha-BSC-August-31-2019-Bundesliga,0,0,1,0,9,2,661,172,17,4,15,17,6,572,481,488,3135,1457,20,18,15,0,0,1,0,10,3,542,193,8,9,21,19,0,411,348,377,2419,1154,21,13,9,2019-2020
2019-08-31,Bayern Munich,Mainz 05,6,1,2.7,0.4,75000,Markus Schmidt,https://fbref.com/en/matches/c4f71b34/Bayern-Munich-Mainz-05-August-31-2019-Bundesliga,0,0,3,0,18,9,827,137,16,12,19,31,10,709,620,587,3462,1717,12,7,16,0,0,3,0,7,4,478,154,15,17,15,12,2,357,272,297,1962,855,15,9,13,2019-2020
2019-08-31,Leverkusen,Hoffenheim,0,0,0.8,0.3,26506,Felix Zwayer,https://fbref.com/en/matches/754f3cb7/Bayer-Leverkusen-Hoffenheim-August-31-2019-Bundesliga,0,0,2,0,20,2,817,119,11,7,4,20,0,714,595,564,3657,1930,29,15,9,0,0,2,0,6,1,378,86,21,7,20,9,0,246,148,124,1772,414,10,4,12,2019-2020
2019-08-31,Wolfsburg,Paderborn 07,1,1,0.6,0.7,23750,Daniel Schlager,https://fbref.com/en/matches/54dc9bfa/Wolfsburg-Paderborn-07-August-31-2019-Bundesliga,0,0,0,0,15,4,706,159,34,15,13,24,2,571,443,430,3083,1453,21,12,8,0,0,3,0,10,4,521,221,22,15,20,16,2,355,253,280,2018,1070,25,14,15,2019-2020
2019-08-31,Freiburg,Köln,1,2,0.7,1.3,24000,Robert Kampka,https://fbref.com/en/matches/a3593fb1/Freiburg-Koln-August-31-2019-Bundesliga,0,0,0,0,14,1,553,98,11,2,8,24,2,433,341,376,2690,1224,17,9,6,0,0,2,0,9,2,516,219,21,12,19,14,4,372,280,314,2503,1082,9,8,15,2019-2020
2019-08-31,Union Berlin,Dortmund,3,1,1.9,1.9,22012,Felix Brych,https://fbref.com/en/matches/93dae41d/Union-Berlin-Borussia-Dortmund-August-31-2019-Bundesliga,0,0,0,0,15,7,398,152,15,13,18,15,5,290,189,215,2042,712,12,4,13,0,0,0,0,14,2,900,84,8,9,16,26,2,774,686,659,3897,2079,21,12,2,2019-2020
2019-09-01,Werder Bremen,Augsburg,3,2,2.5,1.5,40041,Sören Storks,https://fbref.com/en/matches/eab80c86/Werder-Bremen-Augsburg-September-1-2019-Bundesliga,0,0,1,0,16,4,720,115,13,5,16,29,6,620,510,518,3191,1797,12,9,10,0,0,4,1,11,5,426,157,8,8,15,18,4,299,211,233,2301,719,9,4,14,2019-2020
2019-09-01,Eint Frankfurt,Düsseldorf,2,1,1.2,0.6,49800,Frank Willenborg,https://fbref.com/en/matches/9e976755/Eintracht-Frankfurt-Fortuna-Dusseldorf-September-1-2019-Bundesliga,0,0,2,0,14,7,641,136,16,8,23,21,4,507,394,424,3034,1713,36,21,14,0,0,4,0,14,4,477,169,20,11,15,19,2,353,242,244,2657,860,20,13,16,2019-2020
2019-09-13,Düsseldorf,Wolfsburg,1,1,0.5,1.3,36758,Manuel Gräfe,https://fbref.com/en/matches/64a7c69d/Fortuna-Dusseldorf-Wolfsburg-September-13-2019-Bundesliga,0,0,0,0,14,3,524,225,22,10,23,20,2,389,278,307,2798,971,16,6,7,0,0,2,0,15,6,671,143,23,8,17,20,2,544,439,471,3329,1625,21,11,15,2019-2020
2019-09-14,Augsburg,Eint Frankfurt,2,1,2,1,28513,Harm Osmers,https://fbref.com/en/matches/3a966674/Augsburg-Eintracht-Frankfurt-September-14-2019-Bundesliga,0,0,2,0,8,5,426,163,12,16,27,15,3,280,173,176,1663,520,15,9,8,0,0,1,0,21,4,708,102,16,7,11,37,2,606,467,510,3149,1666,27,23,9,2019-2020
2019-09-14,Mainz 05,Hertha BSC,2,1,1.7,2.2,22798,Marco Fritz,https://fbref.com/en/matches/2575bd97/Mainz-05-Hertha-BSC-September-14-2019-Bundesliga,0,0,2,0,13,6,568,176,15,8,10,16,3,448,368,398,2727,1200,24,22,16,0,0,2,0,15,8,531,191,15,14,18,23,2,423,338,365,2833,962,14,9,11,2019-2020
2019-09-14,Köln,M'gladbach,0,1,0.9,1.7,50000,Deniz Aytekin,https://fbref.com/en/matches/363c24f8/Koln-Borussia-Monchengladbach-September-14-2019-Bundesliga,0,0,2,0,14,7,557,226,14,8,20,24,0,437,326,330,2969,1078,16,7,23,0,0,2,0,15,3,552,143,17,15,18,21,0,422,314,343,2854,1252,14,11,21,2019-2020
2019-09-14,Union Berlin,Werder Bremen,1,2,1.6,2.7,22012,Tobias Welz,https://fbref.com/en/matches/d45139a3/Union-Berlin-Werder-Bremen-September-14-2019-Bundesliga,1,1,3,1,11,4,500,203,16,4,14,19,1,359,262,282,2745,852,12,11,24,1,2,4,1,14,6,565,144,13,7,10,22,3,439,337,350,2587,1066,10,5,12,2019-2020
2019-09-14,Dortmund,Leverkusen,4,0,2.5,0.8,81365,Daniel Siebert,https://fbref.com/en/matches/534233af/Borussia-Dortmund-Bayer-Leverkusen-September-14-2019-Bundesliga,0,0,0,0,9,7,503,213,18,21,15,16,8,373,286,267,2037,871,25,8,9,0,0,3,0,12,3,849,144,23,9,13,17,0,728,632,617,3062,1965,24,16,13,2019-2020
2019-09-14,RB Leipzig,Bayern Munich,1,1,1.5,1.5,42146,Sascha Stegemann,https://fbref.com/en/matches/85eb07fd/RB-Leipzig-Bayern-Munich-September-14-2019-Bundesliga,1,1,4,0,12,5,520,333,25,17,22,22,2,386,295,349,2006,923,28,19,12,0,0,2,0,14,7,945,187,16,11,13,20,1,825,717,732,3955,1732,34,24,4,2019-2020
2019-09-15,Hoffenheim,Freiburg,0,3,1.5,1.2,29395,Guido Winkmann,https://fbref.com/en/matches/be861db2/Hoffenheim-Freiburg-September-15-2019-Bundesliga,0,0,0,0,23,5,735,84,9,5,12,34,0,626,533,495,3605,1556,15,7,11,0,0,2,0,14,8,412,204,19,10,21,24,5,305,207,218,1679,788,7,6,6,2019-2020
2019-09-15,Paderborn 07,Schalke 04,1,5,1.1,2.7,15000,Robert Schröder,https://fbref.com/en/matches/cf45f74d/Paderborn-07-Schalke-04-September-15-2019-Bundesliga,0,0,2,0,10,1,538,247,23,11,25,15,1,412,312,323,2370,1239,25,16,17,0,0,1,0,18,11,616,183,23,8,23,28,7,483,384,396,2778,1545,22,13,12,2019-2020
2019-09-20,Schalke 04,Mainz 05,2,1,1.3,1.2,58687,Daniel Schlager,https://fbref.com/en/matches/e62723b4/Schalke-04-Mainz-05-September-20-2019-Bundesliga,0,0,1,0,18,6,642,195,18,21,17,31,3,514,385,391,3048,1371,13,9,7,0,0,1,0,14,3,614,201,15,23,25,19,2,467,350,379,2600,1096,14,11,15,2019-2020
2019-09-21,Freiburg,Augsburg,1,1,1,0.9,23800,Bastian Dankert,https://fbref.com/en/matches/1e5eb447/Freiburg-Augsburg-September-21-2019-Bundesliga,0,0,1,0,16,4,626,91,14,6,11,21,1,516,404,399,3093,1522,10,7,13,0,0,1,0,13,2,442,221,16,14,29,16,2,318,216,245,2356,896,9,5,13,2019-2020
2019-09-21,Bayern Munich,Köln,4,0,2.7,0.8,75000,Patrick Ittrich,https://fbref.com/en/matches/31dd96bf/Bayern-Munich-Koln-September-21-2019-Bundesliga,1,1,4,0,25,4,717,131,9,10,16,38,8,599,509,480,3191,1629,15,8,15,0,0,0,1,14,2,508,187,9,12,25,21,0,395,302,317,2316,937,12,9,20,2019-2020
2019-09-21,Hertha BSC,Paderborn 07,2,1,1.3,1.3,43588,Frank Willenborg,https://fbref.com/en/matches/664edff5/Hertha-BSC-Paderborn-07-September-21-2019-Bundesliga,0,0,4,0,7,4,498,206,27,18,17,12,3,358,249,282,2408,956,22,15,13,0,0,4,0,15,7,688,177,23,5,15,25,2,567,453,475,3342,1861,16,6,14,2019-2020
2019-09-21,Leverkusen,Union Berlin,2,0,1.7,0.2,27430,Robert Hartmann,https://fbref.com/en/matches/3866da30/Bayer-Leverkusen-Union-Berlin-September-21-2019-Bundesliga,0,0,0,0,21,7,915,165,15,8,19,32,3,807,714,707,3441,1782,24,16,10,0,0,1,1,4,0,516,282,22,17,21,4,0,389,296,289,2807,759,17,11,11,2019-2020
2019-09-21,Werder Bremen,RB Leipzig,0,3,0.7,1.5,40550,Tobias Stieler,https://fbref.com/en/matches/a00d21f0/Werder-Bremen-RB-Leipzig-September-21-2019-Bundesliga,0,0,0,0,8,1,660,236,16,11,13,12,0,534,439,461,2496,1573,23,13,12,0,0,3,1,14,7,697,226,19,6,16,19,4,581,483,514,2663,1541,14,9,15,2019-2020
2019-09-22,M'gladbach,Düsseldorf,2,1,2.8,0.9,52413,Christian Dingert,https://fbref.com/en/matches/dfde441c/Borussia-Monchengladbach-Fortuna-Dusseldorf-September-22-2019-Bundesliga,0,0,2,0,23,11,652,205,15,6,23,34,3,517,425,436,3157,1803,25,14,15,0,0,3,0,18,4,510,161,16,8,18,29,2,378,280,329,2378,1105,19,13,11,2019-2020
2019-09-22,Eint Frankfurt,Dortmund,2,2,1.1,2.2,51500,Markus Schmidt,https://fbref.com/en/matches/af30fff5/Eintracht-Frankfurt-Borussia-Dortmund-September-22-2019-Bundesliga,0,0,2,0,18,3,536,227,20,13,18,31,4,404,294,319,2363,1066,19,8,18,0,0,2,0,15,7,799,207,25,7,19,26,4,662,550,498,3107,1595,29,19,11,2019-2020
2019-09-23,Wolfsburg,Hoffenheim,1,1,1.2,0.7,21120,Benjamin Cortus,https://fbref.com/en/matches/2da74ba0/Wolfsburg-Hoffenheim-September-23-2019-Bundesliga,0,0,2,0,13,4,692,256,18,15,15,23,2,567,452,429,3029,1475,24,12,13,0,0,4,0,10,6,640,170,29,10,16,13,2,511,393,357,2971,1020,18,16,18,2019-2020
2019-09-27,Union Berlin,Eint Frankfurt,1,2,0.6,1.5,22012,Sascha Stegemann,https://fbref.com/en/matches/21238616/Union-Berlin-Eintracht-Frankfurt-September-27-2019-Bundesliga,0,0,1,0,11,5,638,149,12,13,28,15,2,503,359,342,3613,904,10,7,11,0,0,1,0,15,5,572,211,22,13,17,17,3,453,299,313,3067,1216,11,7,12,2019-2020
2019-09-28,Paderborn 07,Bayern Munich,2,3,0.3,3.5,15000,Felix Zwayer,https://fbref.com/en/matches/d3250bc6/Paderborn-07-Bayern-Munich-September-28-2019-Bundesliga,0,0,1,0,10,6,528,265,22,7,20,17,2,397,296,331,2437,1226,27,18,8,0,0,1,0,18,6,832,144,20,10,17,29,6,684,586,615,3524,1576,40,31,6,2019-2020
2019-09-28,RB Leipzig,Schalke 04,1,3,1.6,2.6,42146,Manuel Gräfe,https://fbref.com/en/matches/e557fe76/RB-Leipzig-Schalke-04-September-28-2019-Bundesliga,0,0,1,0,16,6,805,142,21,5,18,27,2,680,553,584,3716,1722,26,20,13,1,1,1,0,13,6,511,270,23,14,23,23,6,362,246,294,2093,895,22,13,14,2019-2020
2019-09-28,Augsburg,Leverkusen,0,3,0.3,1.2,27113,Robert Kampka,https://fbref.com/en/matches/1fabc931/Augsburg-Bayer-Leverkusen-September-28-2019-Bundesliga,0,0,4,0,7,1,384,268,9,11,13,8,0,300,198,219,1465,539,6,4,16,0,0,0,0,11,5,962,87,11,13,12,22,5,867,774,688,3772,1399,12,8,9,2019-2020
2019-09-28,Mainz 05,Wolfsburg,0,1,0.7,0.4,24303,Felix Brych,https://fbref.com/en/matches/9c631d9b/Mainz-05-Wolfsburg-September-28-2019-Bundesliga,0,0,2,0,15,4,648,237,28,12,11,24,0,507,380,432,2924,1361,34,25,11,0,0,3,0,4,3,601,229,22,5,22,6,2,426,323,369,2582,1266,16,9,16,2019-2020
2019-09-28,Hoffenheim,M'gladbach,0,3,1.5,2.2,29030,Harm Osmers,https://fbref.com/en/matches/d009d532/Hoffenheim-Borussia-Monchengladbach-September-28-2019-Bundesliga,0,0,2,0,18,3,633,97,21,7,10,30,0,512,422,454,2909,1462,24,18,11,0,0,2,0,12,5,589,163,19,10,20,22,6,474,376,367,3047,1325,26,13,13,2019-2020
2019-09-28,Dortmund,Werder Bremen,2,2,2.1,1.4,81365,Deniz Aytekin,https://fbref.com/en/matches/454cc134/Borussia-Dortmund-Werder-Bremen-September-28-2019-Bundesliga,0,0,1,0,20,7,926,194,13,3,18,29,4,814,713,729,3751,2014,20,12,8,0,0,0,0,11,5,567,241,17,21,24,16,2,431,349,347,2362,1103,12,8,10,2019-2020
2019-09-29,Düsseldorf,Freiburg,1,2,1.3,1.6,39244,Daniel Siebert,https://fbref.com/en/matches/163fc3ef/Fortuna-Dusseldorf-Freiburg-September-29-2019-Bundesliga,0,0,2,0,17,7,622,110,15,6,12,22,1,525,430,424,2845,1438,19,12,9,0,1,2,0,7,2,542,116,14,7,17,15,4,443,358,374,2166,1340,14,8,11,2019-2020
2019-09-29,Köln,Hertha BSC,0,4,0.8,1.5,49700,Sören Storks,https://fbref.com/en/matches/ea77079b/Koln-Hertha-BSC-September-29-2019-Bundesliga,0,0,1,1,9,3,607,210,13,13,20,16,0,502,409,413,2984,1193,14,9,10,0,0,0,0,10,6,532,157,10,10,15,15,7,425,335,295,2737,1310,11,7,13,2019-2020
2019-10-04,Hertha BSC,Düsseldorf,3,1,1.5,1.2,37128,Martin Petersen,https://fbref.com/en/matches/27b7b828/Hertha-BSC-Fortuna-Dusseldorf-October-4-2019-Bundesliga,0,0,3,0,17,3,594,119,24,8,14,25,6,489,398,413,2970,1759,24,18,17,1,1,3,0,9,2,549,132,8,6,21,17,2,440,356,367,2581,1142,16,8,18,2019-2020
2019-10-05,Leverkusen,RB Leipzig,1,1,1.3,1.5,26355,Marco Fritz,https://fbref.com/en/matches/fe29ffb1/Bayer-Leverkusen-RB-Leipzig-October-5-2019-Bundesliga,0,0,2,0,11,8,878,154,20,13,16,19,2,739,621,648,3516,1693,21,5,12,0,0,2,0,10,5,575,206,29,10,16,16,2,432,310,328,2415,1180,10,3,13,2019-2020
2019-10-05,Paderborn 07,Mainz 05,1,2,1.6,2.7,14217,Patrick Ittrich,https://fbref.com/en/matches/cd803638/Paderborn-07-Mainz-05-October-5-2019-Bundesliga,0,1,1,0,15,6,769,175,20,11,14,26,2,629,529,513,4022,1809,25,16,9,1,1,4,0,15,6,489,227,22,13,26,28,4,338,242,282,2104,1030,18,9,19,2019-2020
2019-10-05,Bayern Munich,Hoffenheim,1,2,1.5,0.8,75000,Tobias Stieler,https://fbref.com/en/matches/f9bfcedd/Bayern-Munich-Hoffenheim-October-5-2019-Bundesliga,0,0,2,0,19,4,861,111,18,15,9,26,2,749,643,658,3975,1924,19,13,9,0,0,0,0,8,5,543,172,24,6,17,11,3,422,317,309,2556,1028,10,4,12,2019-2020
2019-10-05,Freiburg,Dortmund,2,2,0.4,0.7,24000,Sven Jablonski,https://fbref.com/en/matches/e3cde2ed/Freiburg-Borussia-Dortmund-October-5-2019-Bundesliga,0,0,0,0,7,1,531,183,21,9,14,14,3,412,319,334,2344,1101,17,11,10,0,0,3,0,8,4,902,155,15,7,13,13,3,811,695,688,3494,1800,22,13,8,2019-2020
2019-10-05,Schalke 04,Köln,1,1,1.6,0.6,61883,Tobias Welz,https://fbref.com/en/matches/4b292a8a/Schalke-04-Koln-October-5-2019-Bundesliga,0,0,4,0,15,3,589,212,19,10,17,21,2,466,349,374,2540,1307,16,12,17,0,0,4,0,10,5,512,124,14,10,18,17,2,379,273,278,2456,933,21,13,17,2019-2020
2019-10-06,M'gladbach,Augsburg,5,1,3,1.2,50352,Robert Schröder,https://fbref.com/en/matches/7e1fcda0/Borussia-Monchengladbach-Augsburg-October-6-2019-Bundesliga,0,0,1,0,12,8,711,120,19,14,16,19,8,607,524,521,2918,1626,23,17,9,0,0,2,0,14,3,491,146,17,13,16,16,1,374,292,298,1890,1179,21,13,9,2019-2020
2019-10-06,Wolfsburg,Union Berlin,1,0,2.3,0.5,27012,Bastian Dankert,https://fbref.com/en/matches/2924a645/Wolfsburg-Union-Berlin-October-6-2019-Bundesliga,0,0,2,0,14,5,600,174,10,9,26,23,2,466,332,319,2692,1009,18,12,18,0,0,2,0,14,3,549,188,24,11,29,20,0,423,273,254,2823,727,15,11,15,2019-2020
2019-10-06,Eint Frankfurt,Werder Bremen,2,2,2.1,1.7,51500,Guido Winkmann,https://fbref.com/en/matches/b5d4b674/Eintracht-Frankfurt-Werder-Bremen-October-6-2019-Bundesliga,0,0,2,0,21,7,677,102,18,6,15,31,1,571,432,456,3175,1827,15,8,12,1,1,1,0,10,4,490,273,23,13,21,19,3,326,234,244,1845,863,14,9,8,2019-2020
2019-10-18,Eint Frankfurt,Leverkusen,3,0,2.5,1.5,50800,Christian Dingert,https://fbref.com/en/matches/6cf7eecc/Eintracht-Frankfurt-Bayer-Leverkusen-October-18-2019-Bundesliga,1,1,1,0,9,4,463,166,19,8,20,15,5,342,210,252,2245,929,26,18,11,0,0,1,0,19,10,767,154,11,12,21,33,0,637,524,541,3256,1690,14,10,12,2019-2020
2019-10-19,Augsburg,Bayern Munich,2,2,2,2.8,30660,Daniel Siebert,https://fbref.com/en/matches/4fbb8e21/Augsburg-Bayern-Munich-October-19-2019-Bundesliga,0,0,3,0,9,7,341,211,16,10,13,7,3,240,151,171,1440,707,11,6,11,0,0,3,0,25,8,907,79,14,4,5,40,4,807,722,729,4221,2026,25,18,7,2019-2020
2019-10-19,Werder Bremen,Hertha BSC,1,1,1,0.5,41447,Felix Brych,https://fbref.com/en/matches/09537127/Werder-Bremen-Hertha-BSC-October-19-2019-Bundesliga,0,0,1,0,16,5,711,152,19,8,14,25,2,602,494,450,3050,1714,7,3,9,0,0,1,0,12,2,662,191,16,15,19,19,2,527,433,424,3019,1454,23,14,12,2019-2020
2019-10-19,RB Leipzig,Wolfsburg,1,1,1.3,1.5,39182,Deniz Aytekin,https://fbref.com/en/matches/27254bc9/RB-Leipzig-Wolfsburg-October-19-2019-Bundesliga,0,0,1,0,13,4,692,244,25,11,14,20,2,559,428,410,2665,1403,27,17,13,0,0,3,0,13,5,584,185,16,24,17,21,2,429,312,330,2444,932,25,16,11,2019-2020
2019-10-19,Union Berlin,Freiburg,2,0,1,0.5,22012,Benjamin Cortus,https://fbref.com/en/matches/e2be08a5/Union-Berlin-Freiburg-October-19-2019-Bundesliga,0,0,3,0,16,5,512,182,7,19,17,25,4,382,289,285,2380,1108,14,13,21,0,0,0,0,12,4,698,148,13,7,12,23,0,594,477,500,2912,1513,12,9,13,2019-2020
2019-10-19,Düsseldorf,Mainz 05,1,0,1.3,0.2,40660,Felix Zwayer,https://fbref.com/en/matches/c786c4d0/Fortuna-Dusseldorf-Mainz-05-October-19-2019-Bundesliga,0,0,2,0,20,4,630,126,14,13,12,32,1,516,426,398,3133,1234,17,11,11,0,0,4,1,6,1,530,108,16,7,12,8,0,405,320,294,1938,1060,11,5,18,2019-2020
2019-10-19,Dortmund,M'gladbach,1,0,2.2,2.5,81365,Sascha Stegemann,https://fbref.com/en/matches/bcee4260/Borussia-Dortmund-Borussia-Monchengladbach-October-19-2019-Bundesliga,0,0,1,0,17,5,667,154,23,19,19,28,2,517,419,433,2715,1259,13,10,13,0,0,2,0,15,2,576,193,22,11,22,20,0,449,339,351,2522,1117,16,5,16,2019-2020
2019-10-20,Köln,Paderborn 07,3,0,2.3,0.4,50000,Manuel Gräfe,https://fbref.com/en/matches/16520065/Koln-Paderborn-07-October-20-2019-Bundesliga,0,0,0,0,17,6,574,164,34,8,16,23,4,436,335,366,2890,993,23,17,7,0,0,0,0,9,1,729,163,20,9,20,13,0,596,504,495,3288,1801,21,10,8,2019-2020
2019-10-20,Hoffenheim,Schalke 04,2,0,1.1,1.1,29477,Robert Hartmann,https://fbref.com/en/matches/a977970c/Hoffenheim-Schalke-04-October-20-2019-Bundesliga,0,0,2,0,9,3,507,159,27,9,16,15,2,374,281,299,1973,1013,15,11,12,0,0,2,0,11,2,650,190,21,9,9,16,0,526,434,443,3165,1817,26,10,16,2019-2020
2019-10-25,Mainz 05,Köln,3,1,1.5,1.9,31999,Frank Willenborg,https://fbref.com/en/matches/65172d26/Mainz-05-Koln-October-25-2019-Bundesliga,0,0,2,0,18,6,536,164,16,13,18,27,6,399,304,344,2401,1433,19,14,20,0,0,2,0,17,8,564,172,14,8,17,25,2,457,341,325,2841,1101,12,7,9,2019-2020
2019-10-26,Schalke 04,Dortmund,0,0,1.1,0.4,61873,Felix Brych,https://fbref.com/en/matches/df7defde/Schalke-04-Borussia-Dortmund-October-26-2019-Bundesliga,0,0,3,0,14,2,528,163,31,12,12,15,0,399,293,323,2037,1175,16,12,9,0,0,2,0,8,3,645,165,21,6,14,14,0,513,411,452,2546,1604,23,13,9,2019-2020
2019-10-26,Freiburg,RB Leipzig,2,1,1.6,2.1,24000,Harm Osmers,https://fbref.com/en/matches/68f6b165/Freiburg-RB-Leipzig-October-26-2019-Bundesliga,0,0,3,0,14,4,562,134,19,13,22,15,2,425,331,338,2555,1362,8,4,9,0,0,1,0,25,6,779,119,24,5,17,41,1,642,551,527,3482,1664,23,15,9,2019-2020
2019-10-26,Hertha BSC,Hoffenheim,2,3,2.2,2.2,44702,Markus Schmidt,https://fbref.com/en/matches/985da3c2/Hertha-BSC-Hoffenheim-October-26-2019-Bundesliga,0,0,3,1,14,4,544,188,24,12,15,21,4,422,324,348,2185,1341,19,13,17,0,0,3,0,17,7,673,175,27,8,12,24,5,538,451,431,3310,1122,6,4,11,2019-2020
2019-10-26,Paderborn 07,Düsseldorf,2,0,0.7,1.4,14182,Bastian Dankert,https://fbref.com/en/matches/07ff170d/Paderborn-07-Fortuna-Dusseldorf-October-26-2019-Bundesliga,0,0,5,0,14,6,548,156,20,11,11,19,4,402,304,323,2093,1335,22,7,23,0,0,4,0,18,4,555,131,21,10,17,20,0,413,312,297,3023,813,11,8,16,2019-2020
2019-10-26,Bayern Munich,Union Berlin,2,1,3.3,1.6,75000,Marco Fritz,https://fbref.com/en/matches/6aedc457/Bayern-Munich-Union-Berlin-October-26-2019-Bundesliga,0,0,0,0,21,10,837,137,24,9,7,34,4,711,612,643,3495,1780,21,11,10,1,2,1,0,4,2,518,296,26,10,21,6,2,376,290,235,2398,757,10,4,16,2019-2020
2019-10-26,Leverkusen,Werder Bremen,2,2,1.7,0.9,30210,Martin Petersen,https://fbref.com/en/matches/9ee7ac90/Bayer-Leverkusen-Werder-Bremen-October-26-2019-Bundesliga,0,0,2,0,23,4,719,151,22,14,18,31,4,584,478,475,3076,1720,20,13,14,0,0,1,0,10,3,534,255,19,13,27,16,4,365,281,303,2224,969,7,5,13,2019-2020
2019-10-27,Wolfsburg,Augsburg,0,0,0.7,0.9,22630,Tobias Stieler,https://fbref.com/en/matches/eb5cc804/Wolfsburg-Augsburg-October-27-2019-Bundesliga,0,0,0,0,14,3,615,137,18,8,13,19,0,487,366,404,2481,1361,13,7,14,0,0,0,0,10,5,528,164,16,14,21,16,0,394,268,262,1804,778,17,8,14,2019-2020
2019-10-27,M'gladbach,Eint Frankfurt,4,2,1.8,1,52300,Daniel Schlager,https://fbref.com/en/matches/d3bbaf04/Borussia-Monchengladbach-Eintracht-Frankfurt-October-27-2019-Bundesliga,0,0,1,0,13,6,592,234,23,12,25,17,4,444,331,339,2762,1088,16,8,13,0,0,1,0,15,3,620,129,27,15,16,22,4,472,355,385,2803,1074,12,8,15,2019-2020
2019-11-01,Hoffenheim,Paderborn 07,3,0,1.7,0.4,23629,Robert Schröder,https://fbref.com/en/matches/4c950eb6/Hoffenheim-Paderborn-07-November-1-2019-Bundesliga,0,0,0,0,12,7,917,131,17,7,9,20,6,830,771,722,4214,1503,15,5,7,0,0,1,0,9,3,571,292,25,6,12,13,0,471,415,427,2338,1450,17,8,12,2019-2020
2019-11-02,RB Leipzig,Mainz 05,8,0,3.5,0.8,38517,Guido Winkmann,https://fbref.com/en/matches/f4c6a983/RB-Leipzig-Mainz-05-November-2-2019-Bundesliga,0,0,0,0,18,12,881,148,16,14,23,32,14,768,679,632,3549,1768,19,11,11,0,0,1,0,10,2,488,167,10,16,15,12,0,386,287,288,1953,834,16,12,7,2019-2020
2019-11-02,Leverkusen,M'gladbach,1,2,2.9,2.2,30210,Daniel Siebert,https://fbref.com/en/matches/8a4170d6/Bayer-Leverkusen-Borussia-Monchengladbach-November-2-2019-Bundesliga,0,0,2,1,22,7,768,147,20,12,14,32,2,633,514,520,3432,1510,32,23,12,0,0,1,0,10,6,583,232,27,19,26,17,4,408,304,310,2107,1029,19,10,10,2019-2020
2019-11-02,Werder Bremen,Freiburg,2,2,1.8,0.9,41000,Christian Dingert,https://fbref.com/en/matches/ef7f8cf0/Werder-Bremen-Freiburg-November-2-2019-Bundesliga,0,0,3,0,21,10,599,151,24,14,7,34,4,471,389,381,2841,1188,8,5,18,0,0,4,1,13,3,687,105,23,14,15,20,2,555,466,481,2557,1541,13,6,10,2019-2020
2019-11-02,Dortmund,Wolfsburg,3,0,1.8,1.6,80200,Tobias Welz,https://fbref.com/en/matches/668648cd/Borussia-Dortmund-Wolfsburg-November-2-2019-Bundesliga,1,1,1,0,15,7,800,132,26,5,10,20,5,688,567,590,2987,1587,19,12,12,0,0,3,0,13,3,519,200,19,21,13,20,0,376,285,296,2368,770,24,12,19,2019-2020
2019-11-02,Eint Frankfurt,Bayern Munich,5,1,2.7,1.1,51500,Markus Schmidt,https://fbref.com/en/matches/cdee46ed/Eintracht-Frankfurt-Bayern-Munich-November-2-2019-Bundesliga,0,0,1,0,17,11,516,244,18,22,10,28,8,416,322,276,2604,1007,10,4,14,0,0,2,1,8,3,NA,NA,NA,13,NA,NA,NA,NA,NA,NA,NA,NA,NA,NA,7,2019-2020
2019-11-02,Union Berlin,Hertha BSC,1,0,1.2,0.4,22012,Deniz Aytekin,https://fbref.com/en/matches/cd80d911/Union-Berlin-Hertha-BSC-November-2-2019-Bundesliga,1,1,1,0,13,5,598,163,12,9,4,21,2,485,373,313,3234,1048,11,6,14,0,0,1,0,7,3,544,98,13,12,18,12,0,423,314,355,2632,1051,24,19,10,2019-2020
2019-11-03,Düsseldorf,Köln,2,0,1.8,0.7,51155,Sven Jablonski,https://fbref.com/en/matches/ab399eab/Fortuna-Dusseldorf-Koln-November-3-2019-Bundesliga,1,1,1,0,8,2,456,224,23,17,9,11,4,335,222,269,2091,891,13,9,11,0,0,3,0,8,1,625,150,16,9,11,13,0,507,403,400,3000,1544,20,14,20,2019-2020
2019-11-03,Augsburg,Schalke 04,2,3,1.8,0.5,30361,Patrick Ittrich,https://fbref.com/en/matches/075476d5/Augsburg-Schalke-04-November-3-2019-Bundesliga,1,1,3,0,11,3,405,151,21,6,13,22,4,299,198,207,1791,725,22,13,13,0,0,5,0,9,3,695,116,12,8,10,18,5,583,477,439,2883,1598,15,7,11,2019-2020
2019-11-08,Köln,Hoffenheim,1,2,0.7,1.8,49100,Robert Kampka,https://fbref.com/en/matches/f25c3751/Koln-Hoffenheim-November-8-2019-Bundesliga,0,0,4,0,11,3,564,245,24,7,21,20,2,428,329,293,2596,1038,18,6,21,1,1,3,0,14,4,660,164,18,9,9,19,2,544,434,405,2987,1203,14,8,14,2019-2020
2019-11-09,Hertha BSC,RB Leipzig,2,4,0.4,2,48532,Sören Storks,https://fbref.com/en/matches/56326253/Hertha-BSC-RB-Leipzig-November-9-2019-Bundesliga,0,0,2,0,7,3,532,180,20,13,19,7,2,388,281,298,2271,752,13,6,12,1,1,1,0,8,5,749,184,15,11,15,17,8,624,505,456,3428,1490,11,8,12,2019-2020
2019-11-09,Paderborn 07,Augsburg,0,1,1.2,1,13758,Marco Fritz,https://fbref.com/en/matches/b3b77b40/Paderborn-07-Augsburg-November-9-2019-Bundesliga,0,1,1,0,10,3,685,186,20,11,21,17,0,520,436,463,2849,1742,35,18,15,0,0,3,0,14,5,498,213,32,11,17,21,1,343,235,272,2316,833,25,13,12,2019-2020
2019-11-09,Schalke 04,Düsseldorf,3,3,1.7,1.8,61831,Robert Hartmann,https://fbref.com/en/matches/d4b15a52/Schalke-04-Fortuna-Dusseldorf-November-9-2019-Bundesliga,0,0,2,0,12,4,594,113,10,14,10,16,4,472,371,392,2366,1328,20,10,10,1,1,4,0,8,4,473,143,24,10,14,16,5,369,254,211,2154,627,13,7,17,2019-2020
2019-11-09,Mainz 05,Union Berlin,2,3,1.8,1,24349,Harm Osmers,https://fbref.com/en/matches/1e04ad35/Mainz-05-Union-Berlin-November-9-2019-Bundesliga,0,0,1,0,16,5,641,162,11,11,14,25,4,521,400,435,3205,1312,28,18,16,0,0,4,0,12,4,554,200,19,15,15,22,6,382,281,306,2630,681,11,9,16,2019-2020
2019-11-09,Bayern Munich,Dortmund,4,0,3.1,0.5,75000,Felix Zwayer,https://fbref.com/en/matches/10463e71/Bayern-Munich-Borussia-Dortmund-November-9-2019-Bundesliga,0,0,2,0,17,5,793,152,31,10,12,30,7,674,592,609,3801,2066,25,15,11,0,0,1,0,1,0,584,177,18,15,13,0,0,466,382,414,2521,1096,20,8,12,2019-2020
2019-11-10,M'gladbach,Werder Bremen,3,1,1.4,1.7,54022,Tobias Stieler,https://fbref.com/en/matches/14ba8600/Borussia-Monchengladbach-Werder-Bremen-November-10-2019-Bundesliga,0,0,5,1,17,7,611,163,14,22,20,22,6,480,390,395,2592,1372,18,11,18,0,1,4,0,15,6,539,145,16,12,9,22,2,412,322,318,2462,880,8,5,13,2019-2020
2019-11-10,Wolfsburg,Leverkusen,0,2,0.8,1.6,24112,Manuel Gräfe,https://fbref.com/en/matches/1eaa5cd9/Wolfsburg-Bayer-Leverkusen-November-10-2019-Bundesliga,0,0,2,0,10,1,652,254,25,11,19,15,0,506,354,382,2738,1201,14,9,9,0,0,2,0,9,4,750,200,28,9,24,8,2,596,463,470,3273,1195,23,13,11,2019-2020
2019-11-10,Freiburg,Eint Frankfurt,1,0,0.9,1,24000,Felix Brych,https://fbref.com/en/matches/111515b4/Freiburg-Eintracht-Frankfurt-November-10-2019-Bundesliga,0,0,1,1,13,6,552,181,14,16,13,21,2,433,330,342,2570,1335,5,2,7,0,0,3,2,17,6,532,182,15,6,15,24,0,421,306,318,3070,1278,17,11,13,2019-2020
2019-11-22,Dortmund,Paderborn 07,3,3,2.5,1.6,81365,Christian Dingert,https://fbref.com/en/matches/9e7e8c4e/Borussia-Dortmund-Paderborn-07-November-22-2019-Bundesliga,0,0,3,0,17,7,922,200,23,18,10,29,4,804,689,665,3449,2175,37,22,9,0,0,1,0,9,4,559,295,26,16,22,16,5,389,304,330,2430,1439,26,14,7,2019-2020
2019-11-23,Düsseldorf,Bayern Munich,0,4,0.7,3.5,53000,Frank Willenborg,https://fbref.com/en/matches/06b90b5f/Fortuna-Dusseldorf-Bayern-Munich-November-23-2019-Bundesliga,0,0,1,0,13,1,422,223,19,11,18,20,0,302,212,244,2323,959,18,8,8,0,0,1,0,18,5,859,134,22,8,19,31,7,738,647,620,3862,1989,22,12,6,2019-2020
2019-11-23,Leverkusen,Freiburg,1,1,3.5,1.2,29032,Deniz Aytekin,https://fbref.com/en/matches/a5d6158b/Bayer-Leverkusen-Freiburg-November-23-2019-Bundesliga,0,0,0,0,27,9,858,103,8,7,9,40,2,717,620,576,3378,1899,17,11,10,0,0,3,0,8,2,436,247,15,13,26,11,1,299,196,199,1313,541,10,7,14,2019-2020
2019-11-23,Eint Frankfurt,Wolfsburg,0,2,1,1.2,50700,Daniel Siebert,https://fbref.com/en/matches/c0f9b717/Eintracht-Frankfurt-Wolfsburg-November-23-2019-Bundesliga,0,0,3,0,17,9,637,134,8,10,15,24,0,530,399,429,2894,1561,17,12,12,0,0,5,1,9,6,395,153,14,9,21,13,1,259,161,145,1820,751,6,5,24,2019-2020
2019-11-23,Union Berlin,M'gladbach,2,0,1.6,1,22012,Felix Brych,https://fbref.com/en/matches/74986f1a/Union-Berlin-Borussia-Monchengladbach-November-23-2019-Bundesliga,0,0,1,0,10,5,529,273,14,11,24,10,2,397,266,259,3067,685,10,7,12,0,0,1,0,13,2,801,157,15,8,18,23,0,688,541,523,3734,1661,22,16,7,2019-2020
2019-11-23,Werder Bremen,Schalke 04,1,2,1.7,0.5,42100,Benjamin Cortus,https://fbref.com/en/matches/f3c0e4f6/Werder-Bremen-Schalke-04-November-23-2019-Bundesliga,0,0,3,0,18,5,634,148,30,11,15,27,1,496,386,410,2983,1114,14,10,12,0,0,2,0,11,5,657,230,27,9,24,20,2,494,406,440,2496,1563,26,13,16,2019-2020
2019-11-23,RB Leipzig,Köln,4,1,2.3,0.4,42036,Robert Schröder,https://fbref.com/en/matches/b84d9dd5/RB-Leipzig-Koln-November-23-2019-Bundesliga,1,1,0,0,20,7,864,163,14,8,13,34,6,759,649,648,3777,1822,17,11,9,0,0,3,0,6,1,457,264,16,10,23,12,2,343,249,266,1817,712,15,7,15,2019-2020
2019-11-24,Augsburg,Hertha BSC,4,0,2.3,0.4,29233,Sascha Stegemann,https://fbref.com/en/matches/f2443a6b/Augsburg-Hertha-BSC-November-24-2019-Bundesliga,0,0,0,0,14,5,550,160,20,7,9,19,4,442,359,388,2762,1165,10,5,9,0,0,2,1,5,1,534,101,14,6,8,10,0,436,351,363,2757,905,23,11,19,2019-2020
2019-11-24,Hoffenheim,Mainz 05,1,5,2,1.9,23129,Bastian Dankert,https://fbref.com/en/matches/4ec1e85a/Hoffenheim-Mainz-05-November-24-2019-Bundesliga,0,0,1,0,21,8,719,166,20,8,11,30,0,594,498,465,3138,1624,24,17,12,0,0,3,1,12,5,486,217,19,8,14,20,8,352,258,302,1845,1286,18,13,14,2019-2020
2019-11-29,Schalke 04,Union Berlin,2,1,1.6,1.8,61837,Daniel Schlager,https://fbref.com/en/matches/2decb093/Schalke-04-Union-Berlin-November-29-2019-Bundesliga,0,0,1,0,17,8,673,215,16,15,21,28,4,530,403,425,2497,1321,26,15,12,1,1,4,0,15,6,574,189,22,13,20,23,2,422,300,268,2257,746,9,6,13,2019-2020
2019-11-30,Hertha BSC,Dortmund,1,2,1.2,1.2,74667,Sven Jablonski,https://fbref.com/en/matches/b71a697d/Hertha-BSC-Borussia-Dortmund-November-30-2019-Bundesliga,0,0,3,0,13,3,649,268,27,7,16,17,1,521,428,411,2521,1460,15,13,14,0,0,2,1,7,5,689,201,15,12,11,13,4,556,465,477,2438,1282,24,11,10,2019-2020
2019-11-30,Hoffenheim,Düsseldorf,1,1,1.6,1,25427,Martin Petersen,https://fbref.com/en/matches/8edb390e/Hoffenheim-Fortuna-Dusseldorf-November-30-2019-Bundesliga,0,0,2,0,10,5,643,164,18,6,14,18,2,515,424,383,3293,1024,11,5,12,0,0,4,0,10,3,632,135,21,12,12,17,2,512,410,456,2944,1616,17,12,16,2019-2020
2019-11-30,Paderborn 07,RB Leipzig,2,3,1.8,2.3,13253,Bibiana Steinhaus,https://fbref.com/en/matches/c7d9378f/Paderborn-07-RB-Leipzig-November-30-2019-Bundesliga,0,0,3,0,8,4,678,147,17,14,18,9,4,547,433,467,2433,1573,19,11,10,0,0,3,0,18,6,649,208,26,7,19,23,5,491,404,410,2797,1204,26,17,13,2019-2020
2019-11-30,Köln,Augsburg,1,1,1.4,1.8,49200,Tobias Stieler,https://fbref.com/en/matches/aea9fb85/Koln-Augsburg-November-30-2019-Bundesliga,0,0,8,1,15,6,613,176,23,5,18,22,2,482,384,385,3178,1094,17,9,15,0,1,3,1,10,3,537,186,17,14,14,16,1,404,299,283,2330,907,12,6,17,2019-2020
2019-11-30,Bayern Munich,Leverkusen,1,2,2.6,1.3,75000,Guido Winkmann,https://fbref.com/en/matches/10e7a47e/Bayern-Munich-Bayer-Leverkusen-November-30-2019-Bundesliga,0,0,1,0,24,10,888,193,17,10,9,45,2,779,661,646,4336,2476,27,15,9,0,0,3,1,11,7,412,350,17,15,20,18,4,278,169,215,1638,868,20,14,16,2019-2020
2019-12-01,M'gladbach,Freiburg,4,2,4.9,1.3,51080,Felix Zwayer,https://fbref.com/en/matches/ac77db23/Borussia-Monchengladbach-Freiburg-December-1-2019-Bundesliga,0,1,3,0,22,14,609,102,21,9,13,37,6,461,381,424,2731,1513,16,15,15,0,0,2,0,13,4,595,188,18,16,12,20,4,453,377,395,2541,1427,16,9,16,2019-2020
2019-12-01,Wolfsburg,Werder Bremen,2,3,2.2,1.3,26012,Robert Kampka,https://fbref.com/en/matches/f1bd4feb/Wolfsburg-Werder-Bremen-December-1-2019-Bundesliga,0,0,1,0,20,6,662,148,16,4,14,29,3,535,402,393,3364,1113,14,9,15,1,1,4,0,9,2,482,114,16,12,25,14,4,349,226,264,1884,898,14,7,16,2019-2020
2019-12-02,Mainz 05,Eint Frankfurt,2,1,2.1,1.1,33134,Manuel Gräfe,https://fbref.com/en/matches/9a824879/Mainz-05-Eintracht-Frankfurt-December-2-2019-Bundesliga,0,0,1,0,19,9,660,169,29,9,18,25,3,522,397,466,2634,1830,18,12,13,0,0,2,1,13,3,600,214,24,12,14,21,2,408,319,375,2764,1354,29,14,10,2019-2020
2019-12-06,Eint Frankfurt,Hertha BSC,2,2,2.5,1.3,50000,Christian Dingert,https://fbref.com/en/matches/d28dfa73/Eintracht-Frankfurt-Hertha-BSC-December-6-2019-Bundesliga,0,0,3,0,27,7,655,115,14,7,12,38,2,543,411,404,2693,1723,22,15,11,0,0,4,0,8,3,468,101,20,11,25,11,4,323,211,235,2192,648,14,13,15,2019-2020
2019-12-07,M'gladbach,Bayern Munich,2,1,1.3,1.7,54022,Marco Fritz,https://fbref.com/en/matches/c6a46354/Borussia-Monchengladbach-Bayern-Munich-December-7-2019-Bundesliga,1,1,3,0,6,2,498,235,20,24,21,13,3,372,272,301,2073,1019,29,19,14,0,0,5,1,17,5,692,163,16,14,13,26,2,581,483,509,3275,1613,25,12,18,2019-2020
2019-12-07,Dortmund,Düsseldorf,5,0,3,0.1,81365,Daniel Siebert,https://fbref.com/en/matches/a8348aba/Borussia-Dortmund-Fortuna-Dusseldorf-December-7-2019-Bundesliga,0,0,0,0,23,10,1075,125,11,11,11,37,9,976,905,862,4217,2272,25,20,8,0,0,3,0,2,0,443,282,15,10,13,3,0,349,270,285,2053,845,13,7,10,2019-2020
2019-12-07,RB Leipzig,Hoffenheim,3,1,3.8,1.1,38407,Deniz Aytekin,https://fbref.com/en/matches/1239873e/RB-Leipzig-Hoffenheim-December-7-2019-Bundesliga,1,1,3,0,25,13,613,311,18,10,25,44,5,462,365,397,2991,1370,28,19,16,0,0,1,0,11,1,791,188,15,14,16,16,1,667,541,548,3014,1400,28,20,5,2019-2020
2019-12-07,Augsburg,Mainz 05,2,1,3.2,0.4,26950,Markus Schmidt,https://fbref.com/en/matches/605ec55a/Augsburg-Mainz-05-December-7-2019-Bundesliga,1,1,2,0,15,4,531,146,12,12,13,24,4,419,290,299,2661,942,23,11,15,0,0,2,0,12,3,506,181,23,11,21,16,2,386,272,279,2519,839,14,10,15,2019-2020
2019-12-07,Freiburg,Wolfsburg,1,0,0.4,1.2,23800,Bastian Dankert,https://fbref.com/en/matches/dd7db802/Freiburg-Wolfsburg-December-7-2019-Bundesliga,0,0,0,0,10,3,562,136,17,5,20,12,2,414,302,306,2859,963,17,12,14,0,0,2,0,10,0,558,195,21,5,21,16,0,432,308,313,2675,1089,17,7,21,2019-2020
2019-12-07,Leverkusen,Schalke 04,2,1,2.3,1.1,30210,Harm Osmers,https://fbref.com/en/matches/444708eb/Bayer-Leverkusen-Schalke-04-December-7-2019-Bundesliga,0,0,2,0,20,9,664,175,26,11,13,36,4,514,403,422,3016,1313,20,15,13,0,0,2,0,4,3,553,195,27,13,20,5,2,403,285,317,1834,1047,31,17,13,2019-2020
2019-12-08,Union Berlin,Köln,2,0,2,1.1,22012,Patrick Ittrich,https://fbref.com/en/matches/2a91f3b9/Union-Berlin-Koln-December-8-2019-Bundesliga,0,0,1,0,11,5,614,201,20,14,19,19,4,470,349,365,2926,1210,15,9,21,0,0,3,0,13,4,530,199,20,16,17,20,0,403,263,257,2589,788,10,3,19,2019-2020
2019-12-08,Werder Bremen,Paderborn 07,0,1,0.9,1.3,39870,Sascha Stegemann,https://fbref.com/en/matches/1d70c1c9/Werder-Bremen-Paderborn-07-December-8-2019-Bundesliga,0,0,1,0,12,3,670,202,20,15,18,19,0,526,418,463,3303,1460,37,19,10,0,0,4,0,16,5,598,230,25,16,27,27,2,444,344,399,2842,1774,26,14,13,2019-2020
2019-12-13,Hoffenheim,Augsburg,2,4,2.1,2.2,23309,Bibiana Steinhaus,https://fbref.com/en/matches/51a85e4b/Hoffenheim-Augsburg-December-13-2019-Bundesliga,0,0,1,0,19,8,825,126,11,5,9,25,4,735,618,574,3789,1745,18,13,10,1,1,0,0,5,3,360,177,7,15,19,10,8,239,149,161,1636,520,13,6,7,2019-2020
2019-12-14,Köln,Leverkusen,2,0,1.5,0.2,49500,Manuel Gräfe,https://fbref.com/en/matches/cbcd18f7/Koln-Bayer-Leverkusen-December-14-2019-Bundesliga,0,0,2,0,13,5,539,274,24,26,13,20,3,395,303,298,2529,849,14,9,14,0,0,3,2,6,2,772,148,23,6,16,10,0,658,554,518,3461,1398,18,10,12,2019-2020
2019-12-14,Mainz 05,Dortmund,0,4,0.2,1.2,33305,Benjamin Cortus,https://fbref.com/en/matches/acb1791e/Mainz-05-Borussia-Dortmund-December-14-2019-Bundesliga,0,0,1,0,9,0,555,310,20,11,28,9,0,422,318,347,1816,1216,18,10,9,0,0,0,0,18,7,822,163,16,11,16,31,7,705,602,584,3682,1909,30,21,10,2019-2020
2019-12-14,Hertha BSC,Freiburg,1,0,0.7,0.8,37343,Frank Willenborg,https://fbref.com/en/matches/280b986d/Hertha-BSC-Freiburg-December-14-2019-Bundesliga,0,0,2,0,15,4,518,131,14,13,21,20,2,386,296,325,2161,1345,1,1,11,0,0,0,0,16,4,724,129,13,9,15,22,0,613,498,517,3178,1733,8,3,6,2019-2020
2019-12-14,Bayern Munich,Werder Bremen,6,1,4.9,0.5,75000,Robert Schröder,https://fbref.com/en/matches/69987990/Bayern-Munich-Werder-Bremen-December-14-2019-Bundesliga,0,0,2,0,28,14,898,167,14,7,12,49,10,790,691,665,3993,2012,31,22,15,0,0,2,0,10,3,435,253,20,19,17,18,2,298,214,221,2032,805,12,10,13,2019-2020
2019-12-14,Paderborn 07,Union Berlin,1,1,1,1.3,14414,Sven Jablonski,https://fbref.com/en/matches/7abce04d/Paderborn-07-Union-Berlin-December-14-2019-Bundesliga,0,0,2,0,13,3,651,137,21,14,28,20,2,490,374,416,2569,1347,19,10,19,0,0,4,0,16,2,518,195,19,9,20,22,0,374,247,265,2587,548,27,14,16,2019-2020
2019-12-14,Düsseldorf,RB Leipzig,0,3,0.1,3.4,35387,Robert Hartmann,https://fbref.com/en/matches/c47e5b1c/Fortuna-Dusseldorf-RB-Leipzig-December-14-2019-Bundesliga,0,0,2,0,4,1,424,129,22,6,13,5,0,331,254,233,2051,787,16,5,12,1,1,1,0,21,6,838,125,19,7,9,36,5,741,668,623,3735,1768,15,7,10,2019-2020
2019-12-15,Wolfsburg,M'gladbach,2,1,1.1,0.4,25580,Felix Brych,https://fbref.com/en/matches/ebb5969c/Wolfsburg-Borussia-Monchengladbach-December-15-2019-Bundesliga,0,0,3,0,17,7,598,209,26,11,18,23,2,472,370,396,2756,1281,21,16,20,0,0,3,0,6,6,618,152,19,11,12,12,2,504,395,384,2751,1142,24,12,15,2019-2020
2019-12-15,Schalke 04,Eint Frankfurt,1,0,1,0.7,60811,Felix Zwayer,https://fbref.com/en/matches/1193960b/Schalke-04-Eintracht-Frankfurt-December-15-2019-Bundesliga,0,0,1,1,11,5,561,149,14,6,20,17,2,423,334,388,2484,1511,25,14,15,0,0,4,0,17,3,553,223,28,6,8,21,0,433,326,310,2733,1165,10,6,12,2019-2020
2019-12-17,Werder Bremen,Mainz 05,0,5,1,2.8,37720,Frank Willenborg,https://fbref.com/en/matches/12ba14c8/Werder-Bremen-Mainz-05-December-17-2019-Bundesliga,0,0,2,0,14,5,690,165,11,9,12,19,0,580,473,444,3331,1428,10,6,14,0,0,2,0,17,8,509,186,18,10,18,33,8,371,281,321,2894,1135,19,15,13,2019-2020
2019-12-17,Union Berlin,Hoffenheim,0,2,1.3,0.8,20350,Sören Storks,https://fbref.com/en/matches/7ff7a592/Union-Berlin-Hoffenheim-December-17-2019-Bundesliga,0,0,2,0,16,2,540,171,16,13,18,20,0,420,281,289,2673,892,7,4,17,0,0,6,0,7,4,577,124,11,11,16,11,3,445,319,299,2630,854,8,7,14,2019-2020
2019-12-17,Augsburg,Düsseldorf,3,0,1.2,0.4,27763,Marco Fritz,https://fbref.com/en/matches/f3252557/Augsburg-Fortuna-Dusseldorf-December-17-2019-Bundesliga,0,0,3,0,12,7,495,159,15,15,13,14,3,392,268,271,1948,957,8,4,11,0,0,4,0,6,2,547,153,13,14,16,12,0,443,322,344,2626,807,12,8,14,2019-2020
2019-12-17,Dortmund,RB Leipzig,3,3,1.1,2.5,80200,Tobias Stieler,https://fbref.com/en/matches/2438749d/Borussia-Dortmund-RB-Leipzig-December-17-2019-Bundesliga,0,0,0,0,14,6,849,216,21,18,24,22,6,687,579,595,2997,1690,49,26,9,0,0,0,0,12,8,703,243,30,17,21,19,4,552,429,449,2595,1242,23,16,5,2019-2020
2019-12-18,Leverkusen,Hertha BSC,0,1,0.9,1.2,24472,Bastian Dankert,https://fbref.com/en/matches/352ddf55/Bayer-Leverkusen-Hertha-BSC-December-18-2019-Bundesliga,0,0,2,0,16,7,844,155,17,3,19,25,0,739,622,607,3309,2066,21,14,12,0,0,3,0,10,5,439,175,22,10,13,14,1,301,207,221,2364,949,23,14,16,2019-2020
2019-12-18,Eint Frankfurt,Köln,2,4,1.4,2.5,50300,Deniz Aytekin,https://fbref.com/en/matches/19d74301/Eintracht-Frankfurt-Koln-December-18-2019-Bundesliga,0,0,2,0,17,6,524,190,15,13,18,25,3,410,267,266,2881,876,22,11,12,0,0,4,0,21,9,625,171,20,20,26,36,7,496,363,376,3177,1351,18,14,10,2019-2020
2019-12-18,Wolfsburg,Schalke 04,1,1,2.1,1.2,24651,Martin Petersen,https://fbref.com/en/matches/c26c3529/Wolfsburg-Schalke-04-December-18-2019-Bundesliga,0,0,1,0,29,9,615,192,16,17,13,47,1,461,351,379,3268,1191,33,26,14,0,0,1,0,8,3,538,208,23,9,27,13,1,387,283,310,2482,906,21,15,11,2019-2020
2019-12-18,M'gladbach,Paderborn 07,2,0,2.5,0.5,44494,Robert Kampka,https://fbref.com/en/matches/966ff925/Borussia-Monchengladbach-Paderborn-07-December-18-2019-Bundesliga,1,1,2,0,16,5,739,201,24,13,16,30,3,618,509,516,3694,1296,23,15,6,0,0,3,0,12,2,560,195,26,16,25,19,0,421,327,335,2522,1332,22,15,15,2019-2020
2019-12-18,Freiburg,Bayern Munich,1,3,1.7,3.4,24000,Sascha Stegemann,https://fbref.com/en/matches/81263493/Freiburg-Bayern-Munich-December-18-2019-Bundesliga,0,0,0,0,15,5,522,185,18,15,21,24,2,376,256,266,2833,753,19,12,6,0,0,3,0,22,9,797,152,18,10,10,31,5,657,543,578,4150,1921,27,13,8,2019-2020
2019-12-20,Hoffenheim,Dortmund,2,1,1.1,1.7,30150,Felix Zwayer,https://fbref.com/en/matches/aaa8781b/Hoffenheim-Borussia-Dortmund-December-20-2019-Bundesliga,0,0,0,0,11,3,699,191,15,14,11,17,3,592,487,479,2963,1442,12,6,8,0,0,1,0,12,5,725,250,12,7,13,23,2,626,531,543,3043,1941,20,12,12,2019-2020
2019-12-21,Mainz 05,Leverkusen,0,1,1.9,1.5,24345,Patrick Ittrich,https://fbref.com/en/matches/3660b79c/Mainz-05-Bayer-Leverkusen-December-21-2019-Bundesliga,0,0,0,0,18,1,527,207,20,14,23,27,0,362,244,295,2239,1007,20,10,9,0,0,2,1,15,4,697,171,15,15,18,27,2,566,449,450,2966,1406,12,6,9,2019-2020
2019-12-21,RB Leipzig,Augsburg,3,1,3.3,0.5,40562,Daniel Siebert,https://fbref.com/en/matches/7824c0bb/RB-Leipzig-Augsburg-December-21-2019-Bundesliga,0,0,1,0,21,6,792,117,17,11,10,29,3,667,560,574,3490,1953,40,24,8,0,0,3,0,7,2,374,238,18,17,19,11,2,231,138,163,1730,456,12,6,10,2019-2020
2019-12-21,Köln,Werder Bremen,1,0,1.1,0.2,50000,Daniel Schlager,https://fbref.com/en/matches/734b2a25/Koln-Werder-Bremen-December-21-2019-Bundesliga,0,0,1,0,7,1,662,244,30,17,17,10,2,529,410,442,2881,1152,25,13,11,0,0,4,0,6,1,567,224,24,20,13,8,0,436,333,352,2397,1062,17,10,20,2019-2020
2019-12-21,Bayern Munich,Wolfsburg,2,0,1.3,0.9,75000,Christian Dingert,https://fbref.com/en/matches/feb1c91b/Bayern-Munich-Wolfsburg-December-21-2019-Bundesliga,0,0,2,0,18,8,761,136,12,6,14,31,4,653,534,516,3824,2032,31,19,7,0,0,2,0,10,3,434,222,21,11,20,16,0,303,199,204,1905,856,20,15,9,2019-2020
2019-12-21,Schalke 04,Freiburg,2,2,1.6,2.8,61867,Felix Brych,https://fbref.com/en/matches/f4b963f6/Schalke-04-Freiburg-December-21-2019-Bundesliga,0,0,1,0,20,6,619,165,21,7,13,29,2,497,400,412,2654,1477,21,16,10,2,2,1,0,17,5,479,154,14,12,21,22,2,339,261,274,2319,1039,17,9,12,2019-2020
2019-12-21,Hertha BSC,M'gladbach,0,0,0.4,0.8,50208,Harm Osmers,https://fbref.com/en/matches/d62b092b/Hertha-BSC-Borussia-Monchengladbach-December-21-2019-Bundesliga,0,0,2,0,7,0,503,150,15,15,13,13,0,399,294,289,2648,968,20,10,12,0,0,2,0,11,5,658,159,17,9,19,20,0,549,454,454,2663,1842,24,18,11,2019-2020
2019-12-22,Düsseldorf,Union Berlin,2,1,1,2,45490,Benjamin Cortus,https://fbref.com/en/matches/ceddaea7/Fortuna-Dusseldorf-Union-Berlin-December-22-2019-Bundesliga,0,0,2,0,22,8,614,168,11,9,21,30,3,463,347,375,2744,1355,28,20,12,0,0,4,0,17,5,635,137,21,11,20,20,1,490,387,311,3204,1112,13,11,20,2019-2020
2019-12-22,Paderborn 07,Eint Frankfurt,2,1,2.9,2,15000,Markus Schmidt,https://fbref.com/en/matches/8ceef77f/Paderborn-07-Eintracht-Frankfurt-December-22-2019-Bundesliga,0,0,3,0,19,6,590,126,17,3,23,32,4,454,336,372,2613,1326,25,19,11,0,0,1,0,20,5,559,192,17,22,26,35,2,414,297,287,2733,1218,26,15,11,2019-2020
2020-01-17,Schalke 04,M'gladbach,2,0,1.5,0.8,62271,Deniz Aytekin,https://fbref.com/en/matches/5553f91d/Schalke-04-Borussia-Monchengladbach-January-17-2020-Bundesliga,0,0,3,0,15,7,543,176,29,13,21,22,4,395,288,323,2772,1088,22,14,15,0,0,4,0,14,4,612,200,28,9,19,25,0,473,370,387,2760,1285,26,14,18,2019-2020
2020-01-18,Hoffenheim,Eint Frankfurt,1,2,0.9,1.5,29610,Sascha Stegemann,https://fbref.com/en/matches/af5e414b/Hoffenheim-Eintracht-Frankfurt-January-18-2020-Bundesliga,0,0,2,0,13,4,780,135,16,10,18,20,0,671,554,559,3370,1572,9,7,10,0,0,2,0,12,3,499,201,25,15,13,20,4,366,265,232,2588,886,10,6,13,2019-2020
2020-01-18,Mainz 05,Freiburg,1,2,2.5,1.5,23138,Sven Jablonski,https://fbref.com/en/matches/a9ab101a/Mainz-05-Freiburg-January-18-2020-Bundesliga,0,0,4,0,25,8,648,203,15,8,24,41,1,502,384,430,2933,1558,27,19,15,0,0,2,0,13,3,542,167,14,16,20,18,3,394,269,265,2424,835,15,7,10,2019-2020
2020-01-18,Augsburg,Dortmund,3,5,1.8,4.8,30660,Manuel Gräfe,https://fbref.com/en/matches/8d9d204a/Augsburg-Borussia-Dortmund-January-18-2020-Bundesliga,0,0,0,0,13,5,470,242,19,11,17,13,3,361,251,273,1826,976,8,1,5,0,0,1,0,19,8,930,131,15,12,11,33,10,825,716,717,3733,1899,23,14,5,2019-2020
2020-01-18,Düsseldorf,Werder Bremen,0,1,1,1,46000,Felix Brych,https://fbref.com/en/matches/2b6182b0/Fortuna-Dusseldorf-Werder-Bremen-January-18-2020-Bundesliga,0,0,4,0,19,2,614,169,14,19,27,27,0,473,340,347,2623,1129,9,8,17,0,0,5,1,13,4,642,130,13,12,24,21,2,505,367,338,2858,954,15,10,12,2019-2020
2020-01-18,Köln,Wolfsburg,3,1,1.3,1.7,49100,Marco Fritz,https://fbref.com/en/matches/edab4bc6/Koln-Wolfsburg-January-18-2020-Bundesliga,0,0,3,0,12,7,536,97,30,13,15,20,4,393,270,267,2816,630,12,8,11,0,0,3,0,17,8,584,140,18,16,11,26,2,437,324,319,2848,1251,24,13,18,2019-2020
2020-01-18,RB Leipzig,Union Berlin,3,1,2.1,1.4,42146,Bastian Dankert,https://fbref.com/en/matches/08857495/RB-Leipzig-Union-Berlin-January-18-2020-Bundesliga,0,0,1,0,19,7,800,160,19,3,22,25,3,646,542,556,3400,1772,26,18,6,0,0,3,0,15,5,508,149,21,13,17,18,2,381,254,275,2654,683,13,12,20,2019-2020
2020-01-19,Hertha BSC,Bayern Munich,0,4,0.6,2.2,74667,Tobias Stieler,https://fbref.com/en/matches/0bf97c74/Hertha-BSC-Bayern-Munich-January-19-2020-Bundesliga,0,0,3,0,7,1,488,167,17,9,20,11,0,373,269,276,2387,913,16,15,7,1,1,1,0,17,9,841,125,21,17,13,31,8,743,631,618,3794,1992,16,10,15,2019-2020
2020-01-19,Paderborn 07,Leverkusen,1,4,1.3,2.2,14889,Daniel Siebert,https://fbref.com/en/matches/07577668/Paderborn-07-Bayer-Leverkusen-January-19-2020-Bundesliga,0,0,3,0,12,7,525,292,24,5,17,15,1,398,298,325,2100,1063,17,7,8,0,0,1,0,12,6,837,196,28,12,20,18,8,708,605,602,3252,1382,36,22,12,2019-2020
2020-01-24,Dortmund,Köln,5,1,2.6,1.2,81365,Harm Osmers,https://fbref.com/en/matches/6839b16f/Borussia-Dortmund-Koln-January-24-2020-Bundesliga,0,0,1,0,14,9,813,202,16,6,9,26,9,721,632,536,3239,1710,20,16,6,0,0,1,0,11,5,604,195,13,10,18,18,1,505,415,397,2510,1196,9,5,7,2019-2020
2020-01-25,Eint Frankfurt,RB Leipzig,2,0,1.2,1.3,50300,Daniel Siebert,https://fbref.com/en/matches/04a207a9/Eintracht-Frankfurt-RB-Leipzig-January-25-2020-Bundesliga,0,0,1,0,7,5,443,230,27,21,24,9,2,303,189,207,1709,759,11,5,7,0,0,2,0,22,4,746,97,9,7,13,35,0,641,516,531,3371,1895,20,13,10,2019-2020
2020-01-25,M'gladbach,Mainz 05,3,1,2.3,0.6,49175,Felix Zwayer,https://fbref.com/en/matches/506da2e0/Borussia-Monchengladbach-Mainz-05-January-25-2020-Bundesliga,0,0,1,0,14,6,801,129,21,7,11,20,5,690,552,591,3789,2057,22,19,7,0,0,3,0,11,8,428,279,24,20,18,15,2,292,186,237,2153,1002,21,13,14,2019-2020
2020-01-25,Freiburg,Paderborn 07,0,2,1.4,1.8,23500,Christian Dingert,https://fbref.com/en/matches/004f38b9/Freiburg-Paderborn-07-January-25-2020-Bundesliga,0,0,4,0,19,5,759,190,15,9,17,34,0,627,515,529,4173,1542,29,13,11,1,1,3,1,15,2,499,174,24,11,28,22,2,340,245,291,2415,1394,23,15,7,2019-2020
2020-01-25,Union Berlin,Augsburg,2,0,1,1.6,22012,Bibiana Steinhaus,https://fbref.com/en/matches/e80682f0/Union-Berlin-Augsburg-January-25-2020-Bundesliga,0,0,4,0,12,3,533,119,17,12,22,15,1,404,268,220,2472,741,12,5,18,0,0,1,0,25,7,627,167,12,6,18,41,0,495,350,376,2522,905,12,8,9,2019-2020
2020-01-25,Wolfsburg,Hertha BSC,1,2,1.1,1.8,24894,Markus Schmidt,https://fbref.com/en/matches/02419175/Wolfsburg-Hertha-BSC-January-25-2020-Bundesliga,0,0,0,0,19,7,726,190,16,6,21,27,1,605,480,451,2926,1542,15,12,8,0,0,1,0,9,4,581,154,17,13,29,17,3,418,306,318,2537,817,23,13,8,2019-2020
2020-01-25,Bayern Munich,Schalke 04,5,0,3.4,0.4,75000,Manuel Gräfe,https://fbref.com/en/matches/8aeaf88b/Bayern-Munich-Schalke-04-January-25-2020-Bundesliga,0,0,0,0,24,14,987,178,22,6,12,36,9,880,784,751,4330,1907,34,23,3,0,0,0,0,7,1,434,226,20,12,21,8,0,298,231,249,1766,728,26,14,5,2019-2020
2020-01-26,Werder Bremen,Hoffenheim,0,3,0.7,0.9,40000,Martin Petersen,https://fbref.com/en/matches/3b3a86fd/Werder-Bremen-Hoffenheim-January-26-2020-Bundesliga,0,0,2,0,16,3,674,182,16,10,17,27,0,565,432,450,2901,1534,19,10,16,0,0,2,0,9,4,626,179,17,12,24,16,4,481,372,388,2703,1234,15,10,15,2019-2020
2020-01-26,Leverkusen,Düsseldorf,3,0,3.7,0.7,26250,Daniel Schlager,https://fbref.com/en/matches/831d6dbd/Bayer-Leverkusen-Fortuna-Dusseldorf-January-26-2020-Bundesliga,1,1,0,0,25,9,767,168,9,11,16,43,5,642,540,524,3793,1527,30,20,10,0,0,3,0,12,3,438,208,24,16,20,20,0,324,214,238,2306,686,9,7,11,2019-2020
2020-01-31,Hertha BSC,Schalke 04,0,0,0.4,0.7,47863,Sascha Stegemann,https://fbref.com/en/matches/66ceb689/Hertha-BSC-Schalke-04-January-31-2020-Bundesliga,0,0,1,0,9,0,527,123,29,14,11,12,0,413,277,322,2355,1278,27,16,9,0,0,1,0,12,3,703,155,28,13,19,17,0,569,456,487,3095,1565,28,14,9,2019-2020
2020-02-01,Augsburg,Werder Bremen,2,1,1.1,0.5,29432,Marco Fritz,https://fbref.com/en/matches/3b246f9b/Augsburg-Werder-Bremen-February-1-2020-Bundesliga,0,0,2,0,14,4,568,91,19,14,19,23,3,432,327,350,2670,1231,12,8,8,0,0,5,0,7,1,539,171,16,15,11,8,1,433,317,312,2572,1048,12,4,19,2019-2020
2020-02-01,Mainz 05,Bayern Munich,1,3,0.3,1.5,33305,Bastian Dankert,https://fbref.com/en/matches/ad2ee4e7/Mainz-05-Bayern-Munich-February-1-2020-Bundesliga,0,0,3,0,8,3,467,173,22,7,17,12,2,358,245,266,1853,961,8,6,14,0,0,1,0,13,5,861,130,17,12,12,24,5,743,637,589,4274,1545,15,9,10,2019-2020
2020-02-01,Dortmund,Union Berlin,5,0,3.3,0.3,81365,Benjamin Cortus,https://fbref.com/en/matches/80620dc3/Borussia-Dortmund-Union-Berlin-February-1-2020-Bundesliga,1,1,0,0,12,6,870,170,15,10,18,23,9,759,676,642,3348,1688,27,15,7,0,0,1,0,4,0,488,222,14,10,20,5,0,381,287,301,2067,954,12,9,8,2019-2020
2020-02-01,Düsseldorf,Eint Frankfurt,1,1,0.3,1,45018,Frank Willenborg,https://fbref.com/en/matches/a862dd3f/Fortuna-Dusseldorf-Eintracht-Frankfurt-February-1-2020-Bundesliga,0,0,2,0,8,1,624,100,13,14,16,10,2,516,402,406,2983,1237,17,7,8,0,0,1,0,6,4,560,148,17,6,18,11,2,462,342,329,2912,1123,13,7,12,2019-2020
2020-02-01,Hoffenheim,Leverkusen,2,1,3.1,2.5,24489,Deniz Aytekin,https://fbref.com/en/matches/b616453a/Hoffenheim-Bayer-Leverkusen-February-1-2020-Bundesliga,0,0,3,0,14,6,475,201,21,15,29,24,3,337,227,247,2182,716,22,11,8,0,0,3,1,22,10,731,145,28,6,14,39,2,609,491,540,3674,1815,30,20,10,2019-2020
2020-02-01,RB Leipzig,M'gladbach,2,2,1.6,1.2,42146,Tobias Stieler,https://fbref.com/en/matches/dd74632c/RB-Leipzig-Borussia-Monchengladbach-February-1-2020-Bundesliga,0,0,1,0,18,8,771,202,17,14,15,30,1,665,541,482,3304,1520,23,15,13,0,0,5,1,7,4,503,229,16,20,21,13,4,380,279,304,2081,824,31,21,15,2019-2020
2020-02-02,Köln,Freiburg,4,0,3.6,0.6,50000,Robert Kampka,https://fbref.com/en/matches/a2934a18/Koln-Freiburg-February-2-2020-Bundesliga,0,0,3,0,24,9,511,164,15,12,14,31,6,392,287,328,2601,1141,13,8,14,0,0,1,0,9,2,572,156,14,3,19,15,0,462,351,346,2399,1086,7,5,11,2019-2020
2020-02-02,Paderborn 07,Wolfsburg,2,4,0.9,1.5,13926,Patrick Ittrich,https://fbref.com/en/matches/3a5c832b/Paderborn-07-Wolfsburg-February-2-2020-Bundesliga,0,0,3,1,10,7,533,140,14,14,13,15,3,425,307,288,2470,900,25,13,15,0,0,3,0,9,5,558,205,14,8,15,16,7,460,328,354,2485,879,16,12,18,2019-2020
2020-02-07,Eint Frankfurt,Augsburg,5,0,2.3,0.5,48800,Manuel Gräfe,https://fbref.com/en/matches/e1f657b7/Eintracht-Frankfurt-Augsburg-February-7-2020-Bundesliga,0,0,1,0,14,11,705,195,33,6,20,26,10,610,464,440,3146,1737,12,10,8,0,0,0,0,8,4,538,52,10,21,14,8,0,406,296,351,2267,1403,29,16,6,2019-2020
2020-02-08,Wolfsburg,Düsseldorf,1,1,1,0.8,23445,Tobias Stieler,https://fbref.com/en/matches/98fcc681/Wolfsburg-Fortuna-Dusseldorf-February-8-2020-Bundesliga,0,0,0,1,10,5,583,171,10,10,16,16,2,488,364,347,2658,1024,6,4,11,0,0,1,0,10,2,628,203,7,11,15,15,2,531,412,414,2753,1197,10,7,14,2019-2020
2020-02-08,Schalke 04,Paderborn 07,1,1,1.3,0.8,61614,Felix Brych,https://fbref.com/en/matches/968b41e7/Schalke-04-Paderborn-07-February-8-2020-Bundesliga,0,0,2,0,15,4,716,149,19,14,20,22,2,579,483,488,2906,1790,36,18,6,0,0,3,0,15,4,429,199,30,8,25,19,2,292,191,223,1595,883,21,14,8,2019-2020
2020-02-08,Freiburg,Hoffenheim,1,0,1.7,1.5,24000,Sven Jablonski,https://fbref.com/en/matches/fe597839/Freiburg-Hoffenheim-February-8-2020-Bundesliga,1,1,3,0,11,4,635,146,18,14,24,19,2,496,402,401,2717,1503,11,6,10,0,0,3,0,20,6,619,180,17,10,21,29,0,497,390,379,2925,1578,9,4,16,2019-2020
2020-02-08,Hertha BSC,Mainz 05,1,3,0.7,2.2,35049,Martin Petersen,https://fbref.com/en/matches/40629256/Hertha-BSC-Mainz-05-February-8-2020-Bundesliga,0,0,3,1,14,3,838,133,19,12,15,22,2,692,599,593,3517,1899,16,10,14,1,1,1,0,10,2,467,123,24,7,25,15,5,332,237,275,2190,1186,15,9,16,2019-2020
2020-02-08,Werder Bremen,Union Berlin,0,2,1.3,1.4,42100,Daniel Schlager,https://fbref.com/en/matches/9cb58ad7/Werder-Bremen-Union-Berlin-February-8-2020-Bundesliga,0,0,4,0,14,3,874,105,12,11,17,22,0,748,632,625,3544,1757,17,9,8,0,0,3,0,11,6,471,272,33,12,23,20,3,318,222,250,2255,909,3,2,17,2019-2020
2020-02-08,Leverkusen,Dortmund,4,3,1.5,0.8,30210,Markus Schmidt,https://fbref.com/en/matches/b77be172/Bayer-Leverkusen-Borussia-Dortmund-February-8-2020-Bundesliga,0,0,2,0,8,5,687,189,27,17,13,11,6,562,455,452,2688,1116,19,7,9,0,0,1,0,12,6,670,164,20,13,17,19,6,543,442,406,3022,1088,23,12,11,2019-2020
2020-02-09,Bayern Munich,RB Leipzig,0,0,1.4,1.3,75000,Marco Fritz,https://fbref.com/en/matches/4dd9bb3c/Bayern-Munich-RB-Leipzig-February-9-2020-Bundesliga,0,0,2,0,11,2,912,125,8,6,21,17,0,802,670,681,3963,1742,30,18,8,0,0,2,0,9,0,485,209,22,20,22,15,0,365,238,219,1951,837,14,11,14,2019-2020
2020-02-14,Dortmund,Eint Frankfurt,4,0,1.2,0,81365,Bastian Dankert,https://fbref.com/en/matches/953c7182/Borussia-Dortmund-Eintracht-Frankfurt-February-14-2020-Bundesliga,0,0,0,0,17,7,883,127,14,10,10,24,5,794,696,713,3569,2134,22,16,7,0,0,1,0,1,0,562,219,17,15,19,2,0,482,369,383,2267,1008,10,3,4,2019-2020
2020-02-15,RB Leipzig,Werder Bremen,3,0,1.3,0.4,41308,Benjamin Cortus,https://fbref.com/en/matches/769997f4/RB-Leipzig-Werder-Bremen-February-15-2020-Bundesliga,0,0,1,0,9,3,724,128,20,15,17,16,6,620,505,485,3068,1470,10,6,10,0,0,1,0,8,1,671,115,18,7,13,13,0,566,465,396,2727,1244,14,8,12,2019-2020
2020-02-15,Paderborn 07,Hertha BSC,1,2,0.8,1.8,14687,Bibiana Steinhaus,https://fbref.com/en/matches/5707cb17/Paderborn-07-Hertha-BSC-February-15-2020-Bundesliga,0,0,2,0,20,4,605,179,17,9,15,26,2,469,344,406,2424,1612,33,22,15,0,0,2,0,17,6,578,196,32,9,28,24,2,413,301,327,2747,761,17,10,13,2019-2020
2020-02-15,Union Berlin,Leverkusen,2,3,1.3,1,22012,Harm Osmers,https://fbref.com/en/matches/0aef0d4c/Union-Berlin-Bayer-Leverkusen-February-15-2020-Bundesliga,0,0,2,0,19,6,505,160,29,18,14,26,4,364,227,239,2262,577,11,5,10,0,0,2,0,12,5,703,137,18,10,19,22,6,550,427,463,3120,1302,20,15,13,2019-2020
2020-02-15,Augsburg,Freiburg,1,1,0.9,1.3,26822,Patrick Ittrich,https://fbref.com/en/matches/e8e1fc12/Augsburg-Freiburg-February-15-2020-Bundesliga,0,0,4,0,9,3,395,180,20,18,25,9,0,252,169,201,1676,758,8,6,22,0,0,1,0,18,5,823,84,11,9,11,25,0,685,585,554,3531,1546,14,6,5,2019-2020
2020-02-15,Hoffenheim,Wolfsburg,2,3,2.5,2.7,22506,Sören Storks,https://fbref.com/en/matches/4f88137c/Hoffenheim-Wolfsburg-February-15-2020-Bundesliga,1,1,2,0,13,5,693,137,19,10,18,21,3,577,475,431,3138,1444,21,13,8,2,2,2,0,12,5,548,203,16,12,12,22,6,437,339,344,2692,1336,16,10,13,2019-2020
2020-02-15,Düsseldorf,M'gladbach,1,4,1,2.3,51000,Daniel Siebert,https://fbref.com/en/matches/0975bb8b/Fortuna-Dusseldorf-Borussia-Monchengladbach-February-15-2020-Bundesliga,0,0,2,0,9,4,550,158,15,13,18,13,2,447,370,393,2635,1028,13,9,11,0,0,2,0,17,6,538,110,13,6,12,21,7,452,368,374,2705,1069,20,12,11,2019-2020
2020-02-16,Köln,Bayern Munich,1,4,2.5,2.6,50000,Felix Zwayer,https://fbref.com/en/matches/c79c4e29/Koln-Bayern-Munich-February-16-2020-Bundesliga,0,0,1,0,13,6,519,212,24,16,15,19,2,389,301,300,2769,921,15,9,12,0,0,3,0,24,8,751,191,14,7,9,35,8,629,545,497,3703,1582,30,18,10,2019-2020
2020-02-16,Mainz 05,Schalke 04,0,0,1.3,0.8,27482,Guido Winkmann,https://fbref.com/en/matches/827e7e12/Mainz-05-Schalke-04-February-16-2020-Bundesliga,0,0,2,0,15,5,474,207,29,5,13,21,0,325,217,226,1751,933,17,3,8,0,0,2,0,9,3,650,152,22,10,10,10,0,503,402,415,2231,1441,7,4,12,2019-2020
2020-02-21,Bayern Munich,Paderborn 07,3,2,2.6,1.3,75000,Markus Schmidt,https://fbref.com/en/matches/e48a41de/Bayern-Munich-Paderborn-07-February-21-2020-Bundesliga,0,0,1,0,19,9,893,148,20,9,17,25,5,774,657,658,4325,1793,42,23,4,0,0,3,0,5,4,454,205,26,9,28,7,3,315,210,239,2161,834,13,6,9,2019-2020
2020-02-22,Freiburg,Düsseldorf,0,2,0.9,0.8,24000,Frank Willenborg,https://fbref.com/en/matches/8658a87d/Freiburg-Fortuna-Dusseldorf-February-22-2020-Bundesliga,0,0,1,0,16,4,670,143,14,7,17,19,0,546,435,434,3052,1433,20,12,13,0,0,4,0,9,4,492,219,23,8,21,14,3,366,255,267,1997,772,12,10,10,2019-2020
2020-02-22,M'gladbach,Hoffenheim,1,1,2.4,1.6,50250,Felix Brych,https://fbref.com/en/matches/d74efed5/Borussia-Monchengladbach-Hoffenheim-February-22-2020-Bundesliga,0,1,4,0,15,9,623,214,26,9,18,24,2,511,424,387,2420,1892,11,8,10,0,0,4,0,21,5,660,157,16,10,18,38,1,535,459,432,2829,1341,28,17,11,2019-2020
2020-02-22,Hertha BSC,Köln,0,5,0.5,2.5,46207,Daniel Schlager,https://fbref.com/en/matches/503f5bb2/Hertha-BSC-Koln-February-22-2020-Bundesliga,0,0,2,0,9,1,718,193,17,15,18,13,0,598,476,485,3151,1406,12,6,12,0,0,2,0,17,11,521,177,23,12,21,25,10,363,269,312,2397,925,15,9,10,2019-2020
2020-02-22,Werder Bremen,Dortmund,0,2,0.2,1.1,42100,Marco Fritz,https://fbref.com/en/matches/fa6e658f/Werder-Bremen-Borussia-Dortmund-February-22-2020-Bundesliga,0,0,0,0,8,2,556,209,22,17,22,11,0,441,359,361,2142,1034,13,8,13,0,0,0,0,12,6,896,134,16,9,13,20,4,791,693,612,3458,1939,30,23,8,2019-2020
2020-02-22,Schalke 04,RB Leipzig,0,5,0.2,2.6,61433,Sascha Stegemann,https://fbref.com/en/matches/1562bd6f/Schalke-04-RB-Leipzig-February-22-2020-Bundesliga,0,0,2,0,3,2,645,217,19,21,23,3,0,527,433,458,2346,1550,19,11,10,0,0,3,0,23,8,584,178,26,18,13,36,9,469,366,369,2660,1391,13,11,7,2019-2020
2020-02-23,Leverkusen,Augsburg,2,0,0.9,0.6,23703,Sven Jablonski,https://fbref.com/en/matches/d91a9ba5/Bayer-Leverkusen-Augsburg-February-23-2020-Bundesliga,0,0,2,0,9,4,1000,121,18,6,14,13,3,887,780,763,3758,1729,25,21,10,0,0,4,0,8,3,407,231,17,22,21,11,0,300,193,214,1529,554,15,6,13,2019-2020
2020-02-23,Wolfsburg,Mainz 05,4,0,2.7,0.9,21058,Benjamin Cortus,https://fbref.com/en/matches/5030bb32/Wolfsburg-Mainz-05-February-23-2020-Bundesliga,0,0,0,0,16,6,694,159,23,13,23,28,6,523,420,441,3203,1336,21,14,11,0,0,2,0,16,3,560,146,22,16,21,23,0,419,300,302,2545,1040,22,10,12,2019-2020
2020-02-24,Eint Frankfurt,Union Berlin,1,2,1.8,1.5,47000,Deniz Aytekin,https://fbref.com/en/matches/f18dd0c0/Eintracht-Frankfurt-Union-Berlin-February-24-2020-Bundesliga,0,0,3,0,20,4,712,151,18,14,20,28,1,579,436,439,3203,1584,11,6,10,0,0,4,0,11,7,489,147,11,14,25,19,4,339,211,227,2336,717,14,9,15,2019-2020
2020-02-28,Düsseldorf,Hertha BSC,3,3,1.4,2.9,31632,Tobias Stieler,https://fbref.com/en/matches/4cbbb5f3/Fortuna-Dusseldorf-Hertha-BSC-February-28-2020-Bundesliga,0,0,2,0,14,5,618,158,14,9,14,22,6,513,410,414,2873,956,15,9,11,1,1,2,0,14,6,608,140,11,12,19,26,6,500,394,413,2667,1294,23,22,11,2019-2020
2020-02-29,Hoffenheim,Bayern Munich,0,6,0.4,3.5,30150,Christian Dingert,https://fbref.com/en/matches/eed383e2/Hoffenheim-Bayern-Munich-February-29-2020-Bundesliga,0,0,0,0,4,1,541,145,19,10,16,7,0,439,335,295,2178,871,12,4,3,0,0,0,0,23,11,857,150,18,9,9,41,8,767,663,675,3697,1897,20,17,7,2019-2020
2020-02-29,Augsburg,M'gladbach,2,3,1.1,2.5,29303,Markus Schmidt,https://fbref.com/en/matches/8cf95522/Augsburg-Borussia-Monchengladbach-February-29-2020-Bundesliga,0,0,3,0,8,3,572,110,19,10,11,13,4,480,384,389,2741,1152,15,6,11,0,0,2,0,15,7,679,171,26,14,10,23,5,553,484,455,3208,1417,21,11,6,2019-2020
2020-02-29,Mainz 05,Paderborn 07,2,0,1,0.6,24231,Harm Osmers,https://fbref.com/en/matches/88acd7f3/Mainz-05-Paderborn-07-February-29-2020-Bundesliga,0,0,1,0,8,3,573,107,25,5,21,13,3,430,300,369,2493,1071,27,15,7,0,0,3,0,9,4,652,136,32,12,22,15,0,521,389,370,3060,1391,25,11,16,2019-2020
2020-02-29,Dortmund,Freiburg,1,0,1.6,1.1,81365,Robert Hartmann,https://fbref.com/en/matches/10296608/Borussia-Dortmund-Freiburg-February-29-2020-Bundesliga,0,0,1,0,16,2,931,133,15,11,18,23,2,825,747,731,3381,1814,18,15,5,0,0,0,0,13,3,560,98,15,10,19,18,0,446,365,354,2113,1095,11,7,9,2019-2020
2020-02-29,Köln,Schalke 04,3,0,1.1,0.8,50000,Manuel Gräfe,https://fbref.com/en/matches/d9b8c765/Koln-Schalke-04-February-29-2020-Bundesliga,0,0,1,0,12,6,510,165,21,23,10,21,6,371,274,284,2477,861,11,6,8,0,0,2,0,7,1,745,170,10,14,14,12,0,632,525,490,2966,1584,22,13,11,2019-2020
2020-03-01,Union Berlin,Wolfsburg,2,2,0.6,1,22012,Bastian Dankert,https://fbref.com/en/matches/7877aaff/Union-Berlin-Wolfsburg-March-1-2020-Bundesliga,0,0,1,0,6,3,501,164,20,16,21,8,4,384,251,245,2422,711,18,13,8,0,0,2,0,12,4,681,173,15,10,14,18,3,555,428,428,3021,1507,11,4,14,2019-2020
2020-03-01,RB Leipzig,Leverkusen,1,1,0.6,1.3,41216,Felix Zwayer,https://fbref.com/en/matches/db5fab48/RB-Leipzig-Bayer-Leverkusen-March-1-2020-Bundesliga,0,0,0,0,10,2,564,183,12,18,17,16,2,442,348,371,2696,1229,17,14,4,0,0,3,0,15,6,843,148,14,13,21,18,2,726,639,626,3591,1682,22,9,13,2019-2020
2020-03-06,Paderborn 07,Köln,1,2,0.6,2.5,15000,Daniel Siebert,https://fbref.com/en/matches/dc25fc2b/Paderborn-07-Koln-March-6-2020-Bundesliga,0,0,3,0,16,2,579,166,7,10,17,26,2,454,347,363,2825,1292,28,15,8,0,0,4,0,16,3,618,189,27,17,23,23,3,466,361,368,3012,784,11,7,12,2019-2020
2020-03-07,Freiburg,Union Berlin,3,1,0.8,0.6,24000,Marco Fritz,https://fbref.com/en/matches/8cf68c46/Freiburg-Union-Berlin-March-7-2020-Bundesliga,0,0,2,0,10,5,567,129,14,13,14,16,4,449,333,348,2551,1177,8,7,5,0,0,3,1,15,4,525,105,8,8,15,18,1,397,307,291,2625,1213,4,2,20,2019-2020
2020-03-07,Schalke 04,Hoffenheim,1,1,0.8,0.6,58324,Sven Jablonski,https://fbref.com/en/matches/d65ec42a/Schalke-04-Hoffenheim-March-7-2020-Bundesliga,0,0,0,0,14,4,569,137,22,7,11,21,2,460,363,390,2578,1085,25,14,8,0,0,1,0,3,1,691,120,20,9,26,6,2,579,479,460,2709,1361,21,8,12,2019-2020
2020-03-07,Hertha BSC,Werder Bremen,2,2,1.1,0.9,58028,Guido Winkmann,https://fbref.com/en/matches/ed72407d/Hertha-BSC-Werder-Bremen-March-7-2020-Bundesliga,0,0,3,0,19,5,605,196,13,9,22,26,3,463,323,358,2475,1403,17,8,18,0,0,3,0,7,3,645,152,22,23,29,10,4,476,335,355,2739,1109,9,7,7,2019-2020
2020-03-07,Leverkusen,Eint Frankfurt,4,0,2.3,0.8,30210,Felix Brych,https://fbref.com/en/matches/ae288926/Bayer-Leverkusen-Eintracht-Frankfurt-March-7-2020-Bundesliga,0,0,1,0,13,5,803,175,21,7,19,18,8,670,573,562,3554,1602,28,21,12,0,0,0,0,9,3,554,237,28,12,20,13,0,423,312,299,2477,768,15,4,12,2019-2020
2020-03-07,Wolfsburg,RB Leipzig,0,0,0.8,1.2,27195,Daniel Schlager,https://fbref.com/en/matches/162165c6/Wolfsburg-RB-Leipzig-March-7-2020-Bundesliga,0,0,2,0,16,4,563,255,29,21,25,25,0,433,314,308,3143,989,21,13,13,0,0,3,0,14,4,789,136,20,8,20,24,0,659,546,593,3791,2050,26,16,14,2019-2020
2020-03-07,M'gladbach,Dortmund,1,2,2,0.7,53877,Sascha Stegemann,https://fbref.com/en/matches/daf27c34/Borussia-Monchengladbach-Borussia-Dortmund-March-7-2020-Bundesliga,0,0,5,0,10,3,663,135,23,13,18,12,1,560,449,456,2404,1401,16,8,10,0,0,5,0,10,4,771,195,19,13,17,17,3,647,548,531,2904,1431,23,11,11,2019-2020
2020-03-08,Bayern Munich,Augsburg,2,0,2.9,0.7,75000,Bibiana Steinhaus,https://fbref.com/en/matches/896ed1aa/Bayern-Munich-Augsburg-March-8-2020-Bundesliga,0,0,1,0,18,6,964,135,17,19,18,29,4,850,726,671,4701,1779,24,19,4,0,0,0,0,6,2,447,207,10,15,17,9,0,320,203,218,2174,621,17,7,7,2019-2020
2020-03-08,Mainz 05,Düsseldorf,1,1,0.8,1.9,21409,Harm Osmers,https://fbref.com/en/matches/ff76e93f/Mainz-05-Fortuna-Dusseldorf-March-8-2020-Bundesliga,0,0,3,1,3,1,454,218,21,10,21,5,1,346,232,242,2029,631,7,6,19,0,0,1,0,20,5,719,144,7,7,6,29,0,613,495,498,3395,1023,5,4,11,2019-2020
2020-03-11,M'gladbach,Köln,2,1,0.9,0.8,0,Deniz Aytekin,https://fbref.com/en/matches/fda11f0b/Borussia-Monchengladbach-Koln-March-11-2020-Bundesliga,0,0,1,0,12,5,714,162,11,14,19,16,4,599,485,457,3406,1262,23,11,13,0,0,2,0,15,3,645,187,18,25,18,22,1,528,418,423,3521,998,15,10,15,2019-2020
2020-05-16,RB Leipzig,Freiburg,1,1,2.1,0.3,0,Manuel Gräfe,https://fbref.com/en/matches/aa34eab6/RB-Leipzig-Freiburg-May-16-2020-Bundesliga,0,0,0,0,22,8,839,154,21,10,16,38,1,720,609,554,3373,1897,11,6,11,0,0,1,0,6,1,500,155,14,13,20,7,2,370,268,282,2643,725,11,4,8,2019-2020
2020-05-16,Düsseldorf,Paderborn 07,0,0,0.7,0.7,0,Frank Willenborg,https://fbref.com/en/matches/5fc1cbb0/Fortuna-Dusseldorf-Paderborn-07-May-16-2020-Bundesliga,0,0,2,0,10,1,665,147,18,6,9,16,0,568,474,412,3457,1036,10,6,15,0,0,2,0,7,1,609,119,13,9,22,8,0,495,408,369,2242,1697,10,3,16,2019-2020
2020-05-16,Hoffenheim,Hertha BSC,0,3,2.5,1.5,0,Christian Dingert,https://fbref.com/en/matches/22984efb/Hoffenheim-Hertha-BSC-May-16-2020-Bundesliga,0,0,2,0,18,2,620,98,22,9,19,24,0,497,397,393,2460,1654,20,12,9,0,0,3,0,13,6,595,160,16,12,27,21,5,467,376,371,2782,1581,17,9,17,2019-2020
2020-05-16,Augsburg,Wolfsburg,1,2,1.1,1.5,0,Felix Brych,https://fbref.com/en/matches/80669304/Augsburg-Wolfsburg-May-16-2020-Bundesliga,0,0,1,0,8,3,491,145,14,15,9,10,0,378,273,267,2180,804,11,6,8,0,0,3,0,16,5,659,148,24,9,14,24,4,566,446,456,2992,1183,14,11,11,2019-2020
2020-05-16,Dortmund,Schalke 04,4,0,1.6,0.5,0,Deniz Aytekin,https://fbref.com/en/matches/7b222ba4/Borussia-Dortmund-Schalke-04-May-16-2020-Bundesliga,0,0,2,0,11,4,761,127,30,10,13,18,8,647,551,519,3131,1362,25,10,9,0,0,1,0,10,3,570,253,20,14,18,10,0,453,364,366,2034,1139,26,15,8,2019-2020
2020-05-16,Eint Frankfurt,M'gladbach,1,3,1,3.2,0,Felix Zwayer,https://fbref.com/en/matches/d5661d30/Eintracht-Frankfurt-Borussia-Monchengladbach-May-16-2020-Bundesliga,0,0,5,0,12,4,650,176,9,15,12,17,1,568,446,424,3399,1292,16,12,19,1,1,1,0,14,6,625,132,17,7,19,23,5,514,408,443,2602,1337,11,7,10,2019-2020
2020-05-17,Köln,Mainz 05,2,2,2.3,1.9,0,Guido Winkmann,https://fbref.com/en/matches/3f471a9f/Koln-Mainz-05-May-17-2020-Bundesliga,1,1,4,0,15,5,551,186,19,12,15,23,4,435,326,296,2933,868,9,8,20,0,0,2,0,12,5,586,141,13,16,13,22,4,467,365,388,2669,1284,20,13,15,2019-2020
2020-05-17,Union Berlin,Bayern Munich,0,2,0.5,1.5,0,Bastian Dankert,https://fbref.com/en/matches/c6cb8092/Union-Berlin-Bayern-Munich-May-17-2020-Bundesliga,0,0,2,0,9,2,499,191,25,15,25,11,0,362,236,266,2322,640,19,14,13,1,1,1,0,12,2,831,100,14,14,13,21,2,716,593,556,4075,1616,26,14,10,2019-2020
2020-05-18,Werder Bremen,Leverkusen,1,4,1.2,1.7,0,Tobias Stieler,https://fbref.com/en/matches/ef8ae024/Werder-Bremen-Bayer-Leverkusen-May-18-2020-Bundesliga,0,0,2,0,11,1,580,220,29,20,20,14,1,439,350,358,2306,1070,18,9,15,0,0,1,0,13,6,880,157,17,6,16,21,8,765,654,674,3539,2029,36,22,14,2019-2020
2020-05-22,Hertha BSC,Union Berlin,4,0,1.6,0.2,0,Harm Osmers,https://fbref.com/en/matches/d791aa62/Hertha-BSC-Union-Berlin-May-22-2020-Bundesliga,0,0,2,0,14,7,598,104,11,6,15,24,7,495,414,384,2694,1302,18,11,12,0,0,1,0,7,0,485,135,16,2,6,8,0,410,310,272,2280,927,16,11,12,2019-2020
2020-05-23,Wolfsburg,Dortmund,0,2,0.4,0.9,0,Daniel Siebert,https://fbref.com/en/matches/022b61c5/Wolfsburg-Borussia-Dortmund-May-23-2020-Bundesliga,0,0,4,1,7,1,553,157,15,5,19,9,0,458,361,326,2267,1037,7,5,11,0,0,2,0,6,2,819,110,13,16,15,11,4,719,619,524,2884,1414,20,15,10,2019-2020
2020-05-23,M'gladbach,Leverkusen,1,3,1.6,2.9,0,Sören Storks,https://fbref.com/en/matches/2cc40b97/Borussia-Monchengladbach-Bayer-Leverkusen-May-23-2020-Bundesliga,0,0,1,0,17,6,580,221,15,10,26,26,2,468,361,332,2629,1160,18,13,16,1,1,1,0,13,6,694,115,20,12,24,26,6,568,466,504,2925,1143,17,12,16,2019-2020
2020-05-23,Freiburg,Werder Bremen,0,1,0.7,0.8,0,Robert Hartmann,https://fbref.com/en/matches/5068fe80/Freiburg-Werder-Bremen-May-23-2020-Bundesliga,0,0,0,0,17,7,774,111,13,13,15,27,0,667,554,473,3702,1821,12,6,12,0,0,3,1,10,2,516,175,15,6,19,15,2,382,286,260,2410,999,8,5,18,2019-2020
2020-05-23,Paderborn 07,Hoffenheim,1,1,0.7,1.6,0,Bibiana Steinhaus,https://fbref.com/en/matches/90a7eef1/Paderborn-07-Hoffenheim-May-23-2020-Bundesliga,0,0,3,0,12,2,546,190,17,11,21,14,0,411,326,310,2364,1279,12,9,14,0,0,0,0,18,5,789,104,16,14,16,34,2,665,575,442,3682,1437,17,8,13,2019-2020
2020-05-23,Bayern Munich,Eint Frankfurt,5,2,2.7,1,0,Marco Fritz,https://fbref.com/en/matches/68f3e6bd/Bayern-Munich-Eintracht-Frankfurt-May-23-2020-Bundesliga,0,0,0,0,23,10,856,134,15,13,19,39,5,741,626,596,4157,1818,18,12,10,0,0,1,0,12,4,507,210,20,16,21,17,4,395,273,245,2472,768,12,10,7,2019-2020
2020-05-24,Schalke 04,Augsburg,0,3,0.6,1.3,0,Sascha Stegemann,https://fbref.com/en/matches/3bd68e75/Schalke-04-Augsburg-May-24-2020-Bundesliga,0,0,0,0,12,2,803,151,23,10,16,20,0,684,558,488,3374,1387,22,14,14,0,0,2,0,9,7,439,212,27,13,27,11,3,283,172,172,1645,657,19,9,11,2019-2020
2020-05-24,Mainz 05,RB Leipzig,0,5,0.2,5.1,0,Markus Schmidt,https://fbref.com/en/matches/45f797c6/Mainz-05-RB-Leipzig-May-24-2020-Bundesliga,0,0,3,0,4,1,482,199,10,7,18,7,0,373,291,281,2002,896,25,14,13,0,0,3,0,21,9,832,162,23,7,11,36,10,722,636,549,3566,1563,15,8,11,2019-2020
2020-05-24,Köln,Düsseldorf,2,2,1.5,0.6,0,Benjamin Cortus,https://fbref.com/en/matches/a318c399/Koln-Fortuna-Dusseldorf-May-24-2020-Bundesliga,0,1,0,0,14,5,680,146,22,14,19,20,3,564,432,391,3241,1361,13,8,19,0,0,1,0,10,4,498,138,10,7,16,15,4,383,252,255,2561,634,8,1,17,2019-2020
2020-05-26,Dortmund,Bayern Munich,0,1,0.9,0.7,0,Tobias Stieler,https://fbref.com/en/matches/fc4531eb/Borussia-Dortmund-Bayern-Munich-May-26-2020-Bundesliga,0,0,2,0,13,4,790,117,17,18,21,21,0,657,559,500,3453,1459,26,19,9,0,0,2,0,12,4,755,194,17,12,22,17,0,632,530,548,3249,1749,17,11,15,2019-2020
2020-05-26,Werder Bremen,M'gladbach,0,0,0.8,0.5,0,Manuel Gräfe,https://fbref.com/en/matches/7d823205/Werder-Bremen-Borussia-Monchengladbach-May-26-2020-Bundesliga,0,0,2,0,12,7,610,172,23,12,20,18,0,494,384,366,2419,815,26,14,14,0,0,1,0,9,4,746,121,19,10,14,18,0,629,521,503,3213,1542,23,18,11,2019-2020
2020-05-26,Eint Frankfurt,Freiburg,3,3,4.8,0.9,0,Martin Petersen,https://fbref.com/en/matches/451bdfb0/Eintracht-Frankfurt-Freiburg-May-26-2020-Bundesliga,0,0,4,0,34,16,733,124,26,5,15,52,3,609,504,483,3586,1759,12,7,14,0,0,1,0,10,5,502,123,13,8,24,17,6,365,274,291,2025,1326,18,6,9,2019-2020
2020-05-26,Leverkusen,Wolfsburg,1,4,1,2.4,0,Daniel Schlager,https://fbref.com/en/matches/908b3135/Bayer-Leverkusen-Wolfsburg-May-26-2020-Bundesliga,0,0,3,0,9,1,814,124,14,3,20,14,1,684,574,584,3232,1384,18,8,10,0,0,3,0,15,9,455,139,16,18,20,25,7,318,224,235,1990,721,11,6,16,2019-2020
2020-05-27,RB Leipzig,Hertha BSC,2,2,0.7,1.5,0,Bastian Dankert,https://fbref.com/en/matches/01d6794c/RB-Leipzig-Hertha-BSC-May-27-2020-Bundesliga,0,0,2,1,11,4,616,134,19,9,12,18,4,508,418,390,2954,1230,12,3,12,1,1,3,0,11,2,510,132,18,10,17,17,3,391,306,311,1915,1205,18,8,20,2019-2020
2020-05-27,Hoffenheim,Köln,3,1,1.2,2.2,0,Felix Brych,https://fbref.com/en/matches/1260401f/Hoffenheim-Koln-May-27-2020-Bundesliga,0,0,6,1,7,6,550,96,15,8,19,14,6,431,363,334,2339,1065,12,7,12,0,1,1,1,17,4,679,144,15,6,17,31,2,583,495,433,3277,1586,13,8,7,2019-2020
2020-05-27,Düsseldorf,Schalke 04,2,1,1.9,0.6,0,Tobias Welz,https://fbref.com/en/matches/8c7ff5cc/Fortuna-Dusseldorf-Schalke-04-May-27-2020-Bundesliga,0,0,3,0,13,7,750,106,15,8,15,14,1,632,505,462,3019,1386,13,8,10,0,0,2,0,8,3,448,134,17,19,14,14,2,321,206,206,1834,823,22,14,13,2019-2020
2020-05-27,Union Berlin,Mainz 05,1,1,0.4,1,0,Robert Schröder,https://fbref.com/en/matches/288b470a/Union-Berlin-Mainz-05-May-27-2020-Bundesliga,0,0,4,1,8,4,471,116,19,12,15,14,2,365,245,218,2421,683,13,4,17,0,0,2,0,10,2,662,96,13,9,16,14,2,540,430,445,3138,1339,14,7,18,2019-2020
2020-05-27,Augsburg,Paderborn 07,0,0,0.7,1.7,0,Deniz Aytekin,https://fbref.com/en/matches/98a58ea8/Augsburg-Paderborn-07-May-27-2020-Bundesliga,0,0,1,0,12,3,614,108,15,13,19,16,0,505,383,389,2332,1223,21,9,7,0,0,1,0,15,2,544,136,18,15,23,22,0,414,316,300,2792,1089,11,8,14,2019-2020
2020-05-29,Freiburg,Leverkusen,0,1,0.9,0.6,0,Marco Fritz,https://fbref.com/en/matches/858d9847/Freiburg-Bayer-Leverkusen-May-29-2020-Bundesliga,0,0,0,0,8,2,454,130,14,10,12,11,0,359,255,255,2004,880,13,9,8,0,0,2,0,7,1,828,100,11,4,12,14,2,730,632,614,3580,1805,20,15,13,2019-2020
2020-05-30,Wolfsburg,Eint Frankfurt,1,2,1.6,1.6,0,Guido Winkmann,https://fbref.com/en/matches/ddc5791b/Wolfsburg-Eintracht-Frankfurt-May-30-2020-Bundesliga,0,0,4,0,18,4,566,133,22,8,17,21,2,438,309,351,2743,1291,27,18,18,1,1,6,1,6,2,508,141,28,16,33,10,4,371,247,240,2113,615,14,6,16,2019-2020
2020-05-30,Schalke 04,Werder Bremen,0,1,0.7,0.5,0,Felix Zwayer,https://fbref.com/en/matches/6ebaa2c8/Schalke-04-Werder-Bremen-May-30-2020-Bundesliga,0,0,5,0,10,1,526,148,23,13,27,14,0,393,270,285,2224,735,16,9,19,0,0,3,0,6,2,663,167,22,16,22,8,1,528,402,393,2677,1078,15,5,16,2019-2020
2020-05-30,Hertha BSC,Augsburg,2,0,2.1,0.6,0,Sven Jablonski,https://fbref.com/en/matches/86e916a8/Hertha-BSC-Augsburg-May-30-2020-Bundesliga,0,0,3,0,11,6,616,213,18,7,29,18,4,487,371,322,2639,1012,12,8,19,0,0,3,0,8,2,569,110,12,9,14,6,0,446,321,368,2242,1219,12,8,7,2019-2020
2020-05-30,Mainz 05,Hoffenheim,0,1,0.9,1.7,0,Sascha Stegemann,https://fbref.com/en/matches/3410d732/Mainz-05-Hoffenheim-May-30-2020-Bundesliga,0,0,4,0,17,2,629,168,15,12,16,20,0,483,375,368,3089,1530,23,11,17,0,1,3,0,10,5,637,135,24,13,18,22,2,493,386,370,2679,1022,15,6,15,2019-2020
2020-05-30,Bayern Munich,Düsseldorf,5,0,2.8,0.9,0,Robert Hartmann,https://fbref.com/en/matches/7bd94850/Bayern-Munich-Fortuna-Dusseldorf-May-30-2020-Bundesliga,0,0,0,0,21,8,829,119,9,10,13,31,7,737,640,573,3641,2233,21,14,9,0,0,2,0,7,2,452,168,11,19,22,9,0,334,244,228,2153,687,11,8,10,2019-2020
2020-05-31,M'gladbach,Union Berlin,4,1,2.2,0.9,0,Frank Willenborg,https://fbref.com/en/matches/3d9139c7/Borussia-Monchengladbach-Union-Berlin-May-31-2020-Bundesliga,0,0,3,0,17,8,719,104,10,6,17,24,8,606,515,503,3254,1554,28,16,13,0,0,2,0,12,5,562,168,20,9,19,15,0,440,339,336,2748,700,14,5,9,2019-2020
2020-05-31,Paderborn 07,Dortmund,1,6,1,3.8,0,Daniel Siebert,https://fbref.com/en/matches/0043c6e9/Paderborn-07-Borussia-Dortmund-May-31-2020-Bundesliga,1,1,2,0,8,0,494,200,26,12,12,14,1,372,289,304,2119,1168,24,10,4,0,0,3,0,16,10,836,117,20,13,24,30,11,718,640,554,3804,1598,33,19,6,2019-2020
2020-06-01,Köln,RB Leipzig,2,4,1,3.4,0,Christian Dingert,https://fbref.com/en/matches/d6f7f65d/Koln-RB-Leipzig-June-1-2020-Bundesliga,0,0,2,0,7,5,615,216,22,17,17,10,2,492,382,325,3065,1059,8,6,16,0,0,1,0,19,8,696,158,10,13,14,29,5,555,445,373,3089,1477,20,7,7,2019-2020
2020-06-03,Werder Bremen,Eint Frankfurt,0,3,0.4,1.5,0,Patrick Ittrich,https://fbref.com/en/matches/94a53f92/Werder-Bremen-Eintracht-Frankfurt-June-3-2020-Bundesliga,0,0,2,0,11,3,570,84,11,12,11,18,0,464,350,348,2793,985,12,4,14,0,0,1,0,11,4,564,103,15,16,18,15,5,447,339,323,2834,857,15,9,21,2019-2020
2020-06-05,Freiburg,M'gladbach,1,0,1.1,2.2,0,Markus Schmidt,https://fbref.com/en/matches/35426654/Freiburg-Borussia-Monchengladbach-June-5-2020-Bundesliga,0,0,4,0,15,6,NA,NA,NA,13,NA,NA,NA,NA,NA,NA,NA,NA,NA,NA,14,0,0,3,1,19,3,781,136,12,7,21,28,0,691,568,549,3563,1897,13,9,14,2019-2020
2020-06-06,Leverkusen,Bayern Munich,2,4,0.9,2.6,0,Manuel Gräfe,https://fbref.com/en/matches/4bebc605/Bayer-Leverkusen-Bayern-Munich-June-6-2020-Bundesliga,0,0,3,0,10,6,686,134,18,16,18,13,3,580,472,494,3397,1280,27,14,14,0,0,3,0,16,9,729,164,21,11,14,28,7,617,512,444,3523,1501,24,14,5,2019-2020
2020-06-06,Düsseldorf,Hoffenheim,2,2,2.2,0.9,0,Sören Storks,https://fbref.com/en/matches/6919a21d/Fortuna-Dusseldorf-Hoffenheim-June-6-2020-Bundesliga,1,1,4,0,24,4,771,124,12,8,12,31,3,689,572,558,3351,1732,14,7,13,0,0,4,1,8,3,464,101,11,10,24,8,3,336,247,254,1919,584,13,5,15,2019-2020
2020-06-06,RB Leipzig,Paderborn 07,1,1,2.1,1.4,0,Deniz Aytekin,https://fbref.com/en/matches/ad41059f/RB-Leipzig-Paderborn-07-June-6-2020-Bundesliga,0,0,2,1,12,4,630,155,23,13,26,18,2,505,387,334,2458,1029,17,11,11,0,0,4,0,16,5,600,177,9,15,21,15,1,470,362,367,2589,1439,25,16,14,2019-2020
2020-06-06,Eint Frankfurt,Mainz 05,0,2,0.4,2,0,Felix Brych,https://fbref.com/en/matches/bc159a2c/Eintracht-Frankfurt-Mainz-05-June-6-2020-Bundesliga,0,0,3,0,11,0,725,146,18,7,18,18,0,604,463,439,3666,1282,14,8,17,0,0,3,0,17,4,462,153,23,12,21,27,1,310,189,215,2153,908,23,13,15,2019-2020
2020-06-06,Dortmund,Hertha BSC,1,0,1.8,0.4,0,Harm Osmers,https://fbref.com/en/matches/fedab783/Borussia-Dortmund-Hertha-BSC-June-6-2020-Bundesliga,0,0,0,0,13,3,896,118,16,9,13,20,2,779,696,733,4124,1733,30,19,7,0,0,2,0,4,1,546,208,22,17,17,4,0,445,355,366,2191,1338,9,5,11,2019-2020
2020-06-07,Werder Bremen,Wolfsburg,0,1,0.7,1.7,0,Bibiana Steinhaus,https://fbref.com/en/matches/3a850112/Werder-Bremen-Wolfsburg-June-7-2020-Bundesliga,0,0,3,0,11,2,646,183,19,9,16,19,0,526,398,316,2869,872,10,4,18,0,0,3,0,17,3,598,148,12,15,23,25,2,469,352,319,2929,1422,22,12,13,2019-2020
2020-06-07,Union Berlin,Schalke 04,1,1,1.6,0.2,0,Tobias Stieler,https://fbref.com/en/matches/e0686bff/Union-Berlin-Schalke-04-June-7-2020-Bundesliga,0,0,3,0,11,5,495,146,22,8,20,15,1,389,263,262,2701,1060,23,14,19,0,0,1,0,4,1,558,164,14,11,20,8,2,442,316,315,2519,990,26,12,13,2019-2020
2020-06-07,Augsburg,Köln,1,1,2.1,1,0,Benjamin Cortus,https://fbref.com/en/matches/770930ef/Augsburg-Koln-June-7-2020-Bundesliga,0,1,1,0,16,5,518,78,10,7,17,18,2,384,277,281,2349,867,10,3,13,0,0,3,0,8,2,504,141,27,4,15,11,2,395,267,229,2578,535,8,2,21,2019-2020
2020-06-12,Hoffenheim,RB Leipzig,0,2,1.8,1.6,0,Tobias Welz,https://fbref.com/en/matches/9baedf1d/Hoffenheim-RB-Leipzig-June-12-2020-Bundesliga,0,0,2,0,24,8,637,154,11,19,26,33,0,514,385,330,2639,1254,16,11,15,0,0,2,0,15,7,622,236,18,13,28,27,4,500,372,339,2945,838,9,7,18,2019-2020
2020-06-13,Paderborn 07,Werder Bremen,1,5,1.7,2.6,0,Christian Dingert,https://fbref.com/en/matches/97033540/Paderborn-07-Werder-Bremen-June-13-2020-Bundesliga,0,0,6,0,20,9,556,121,19,9,17,29,0,429,313,312,2489,1068,22,16,18,0,1,3,0,10,7,567,160,16,17,32,16,8,440,338,314,2540,815,20,10,18,2019-2020
2020-06-13,Hertha BSC,Eint Frankfurt,1,4,0.9,2.5,0,Robert Hartmann,https://fbref.com/en/matches/20ca4b9e/Hertha-BSC-Eintracht-Frankfurt-June-13-2020-Bundesliga,0,0,2,1,6,4,499,179,13,16,21,11,1,392,306,307,2092,997,21,17,14,0,0,2,0,18,7,693,116,19,3,12,27,6,598,494,492,3083,1387,22,16,7,2019-2020
2020-06-13,Düsseldorf,Dortmund,0,1,0.5,0.6,0,Sascha Stegemann,https://fbref.com/en/matches/e34d9efc/Fortuna-Dusseldorf-Borussia-Dortmund-June-13-2020-Bundesliga,0,0,1,0,6,3,560,131,22,23,16,7,0,461,366,369,2620,878,16,8,6,0,0,3,0,6,3,860,116,20,6,16,10,1,767,681,678,3347,1878,19,10,15,2019-2020
2020-06-13,Köln,Union Berlin,1,2,1.1,1.1,0,Martin Petersen,https://fbref.com/en/matches/e3ab7dd8/Koln-Union-Berlin-June-13-2020-Bundesliga,0,0,3,0,10,6,700,179,20,7,10,15,1,579,461,443,3169,1522,13,7,18,0,0,0,0,7,5,494,126,20,11,15,12,4,369,256,225,2255,955,13,8,17,2019-2020
2020-06-13,Wolfsburg,Freiburg,2,2,2.3,2.3,0,Bastian Dankert,https://fbref.com/en/matches/547cfdcc/Wolfsburg-Freiburg-June-13-2020-Bundesliga,1,1,0,0,19,5,489,165,16,1,18,28,3,368,279,272,2527,1396,16,11,17,0,0,1,0,11,5,549,105,13,18,14,16,3,435,335,310,2321,1268,17,7,11,2019-2020
2020-06-13,Bayern Munich,M'gladbach,2,1,1.4,0.7,0,Felix Zwayer,https://fbref.com/en/matches/8858fb60/Bayern-Munich-Borussia-Monchengladbach-June-13-2020-Bundesliga,0,0,0,0,10,5,699,160,13,12,17,14,2,599,499,442,3087,1072,21,10,13,0,0,2,0,9,2,702,138,18,6,15,14,2,613,506,498,3056,1060,9,6,10,2019-2020
2020-06-14,Mainz 05,Augsburg,0,1,1.7,0.9,0,Marco Fritz,https://fbref.com/en/matches/98a541fd/Mainz-05-Augsburg-June-14-2020-Bundesliga,0,0,2,0,18,4,681,136,15,3,20,29,0,570,432,396,3833,1312,18,14,8,0,0,4,0,9,3,441,154,10,9,19,12,1,312,189,210,2110,594,18,7,14,2019-2020
2020-06-14,Schalke 04,Leverkusen,1,1,1.3,1.2,0,Daniel Siebert,https://fbref.com/en/matches/95688beb/Schalke-04-Bayer-Leverkusen-June-14-2020-Bundesliga,1,1,4,0,6,3,436,260,23,15,31,10,0,301,196,225,1944,895,31,18,14,0,0,1,0,15,5,916,164,20,12,17,27,0,795,673,606,3737,1742,21,14,7,2019-2020
2020-06-16,M'gladbach,Wolfsburg,3,0,1.7,0.4,0,Robert Schröder,https://fbref.com/en/matches/877b951f/Borussia-Monchengladbach-Wolfsburg-June-16-2020-Bundesliga,0,0,1,0,11,3,693,191,19,12,18,20,6,572,478,403,2787,1158,21,8,15,0,0,4,0,11,2,628,202,21,10,14,11,0,521,420,456,2660,1223,20,13,17,2019-2020
2020-06-16,Union Berlin,Paderborn 07,1,0,1.8,0.7,0,Bibiana Steinhaus,https://fbref.com/en/matches/328b0468/Union-Berlin-Paderborn-07-June-16-2020-Bundesliga,0,0,1,0,15,6,526,174,20,18,20,22,0,415,310,286,3165,754,16,10,17,0,0,1,0,12,3,659,149,9,13,14,20,0,557,442,468,3318,1540,23,15,16,2019-2020
2020-06-16,Werder Bremen,Bayern Munich,0,1,0.5,1.1,0,Harm Osmers,https://fbref.com/en/matches/a7ad9164/Werder-Bremen-Bayern-Munich-June-16-2020-Bundesliga,0,0,2,0,6,1,606,175,26,18,13,11,0,488,363,394,2602,787,11,8,9,0,0,3,1,12,3,822,168,11,14,18,18,1,706,588,556,3403,1755,33,17,13,2019-2020
2020-06-16,Freiburg,Hertha BSC,2,1,1.9,1.8,0,Tobias Stieler,https://fbref.com/en/matches/3fd3fb79/Freiburg-Hertha-BSC-June-16-2020-Bundesliga,0,0,0,0,19,6,562,114,12,11,15,26,2,454,363,317,2895,1356,7,3,6,1,1,2,0,11,4,572,178,19,14,30,20,1,459,366,381,2601,1625,10,9,16,2019-2020
2020-06-17,Eint Frankfurt,Schalke 04,2,1,2.5,0.8,0,Guido Winkmann,https://fbref.com/en/matches/49f911a1/Eintracht-Frankfurt-Schalke-04-June-17-2020-Bundesliga,0,0,3,0,14,4,749,174,21,7,16,21,4,648,534,539,3331,1522,12,11,9,0,0,5,1,8,4,498,178,14,16,17,13,2,396,290,296,2170,1171,23,15,16,2019-2020
2020-06-17,RB Leipzig,Düsseldorf,2,2,1.2,1,0,Manuel Gräfe,https://fbref.com/en/matches/3e714fbb/RB-Leipzig-Fortuna-Dusseldorf-June-17-2020-Bundesliga,0,0,1,0,13,5,885,90,14,3,14,17,4,779,676,648,3743,1940,16,7,7,0,0,0,0,12,2,433,101,15,21,16,16,3,344,221,205,2083,655,8,5,7,2019-2020
2020-06-17,Leverkusen,Köln,3,1,2.3,0.6,0,Sven Jablonski,https://fbref.com/en/matches/f892121c/Bayer-Leverkusen-Koln-June-17-2020-Bundesliga,0,0,2,0,14,6,788,125,14,8,15,26,5,689,582,517,3640,1484,17,11,12,0,0,2,0,8,1,434,138,12,14,13,13,2,323,225,246,2514,625,8,7,16,2019-2020
2020-06-17,Dortmund,Mainz 05,0,2,1.1,1.8,0,Frank Willenborg,https://fbref.com/en/matches/0ee0c038/Borussia-Dortmund-Mainz-05-June-17-2020-Bundesliga,0,0,6,0,16,4,894,111,14,15,15,25,0,795,703,616,3735,2037,14,9,14,1,1,3,0,8,4,457,159,12,17,15,15,4,345,262,247,2142,1067,13,8,13,2019-2020
2020-06-17,Augsburg,Hoffenheim,1,3,0.5,1.6,0,Deniz Aytekin,https://fbref.com/en/matches/4a52ae4c/Augsburg-Hoffenheim-June-17-2020-Bundesliga,0,0,2,0,12,5,571,172,14,14,16,20,1,463,348,388,2519,1061,16,12,10,0,0,1,0,15,5,681,157,13,13,22,25,5,569,462,404,3453,1445,15,9,14,2019-2020
2020-06-20,Hoffenheim,Union Berlin,4,0,2.1,0.4,0,Robert Hartmann,https://fbref.com/en/matches/08ce33f5/Hoffenheim-Union-Berlin-June-20-2020-Bundesliga,0,0,1,0,15,8,666,98,6,12,18,23,7,559,473,489,2663,1441,18,11,10,0,0,3,0,7,2,490,85,13,12,23,9,0,389,295,289,2246,870,6,3,15,2019-2020
2020-06-20,Paderborn 07,M'gladbach,1,3,0.6,4,0,Tobias Welz,https://fbref.com/en/matches/a415a3e6/Paderborn-07-Borussia-Monchengladbach-June-20-2020-Bundesliga,0,0,4,1,11,1,583,159,17,3,20,17,2,467,389,351,2856,1078,26,13,11,1,1,2,0,21,10,594,163,23,6,18,34,5,481,407,367,2456,1119,15,10,13,2019-2020
2020-06-20,Schalke 04,Wolfsburg,1,4,0.9,2.1,0,Sascha Stegemann,https://fbref.com/en/matches/9e9c00a6/Schalke-04-Wolfsburg-June-20-2020-Bundesliga,0,0,4,0,11,3,540,134,28,14,21,16,2,418,333,336,2176,1391,24,14,12,0,0,3,0,10,5,541,158,29,12,9,13,4,430,330,317,2859,1194,21,10,16,2019-2020
2020-06-20,Hertha BSC,Leverkusen,2,0,1.9,1.4,0,Felix Brych,https://fbref.com/en/matches/b7f6bb8c/Hertha-BSC-Bayer-Leverkusen-June-20-2020-Bundesliga,0,0,4,0,14,5,439,215,23,15,20,20,4,312,208,190,2387,566,13,12,14,0,0,3,0,12,2,779,104,9,5,12,18,0,660,551,538,3567,1821,25,17,15,2019-2020
2020-06-20,Mainz 05,Werder Bremen,3,1,1.9,2,0,Manuel Gräfe,https://fbref.com/en/matches/cf868569/Mainz-05-Werder-Bremen-June-20-2020-Bundesliga,0,0,2,0,20,11,524,183,15,9,17,33,4,361,289,336,2377,1383,36,20,13,0,0,3,0,18,6,666,172,32,6,8,23,2,535,431,460,2901,1486,21,11,15,2019-2020
2020-06-20,Düsseldorf,Augsburg,1,1,0.4,1.5,0,Daniel Siebert,https://fbref.com/en/matches/8dbf8a0b/Fortuna-Dusseldorf-Augsburg-June-20-2020-Bundesliga,0,0,1,0,8,2,620,118,19,7,20,11,1,535,422,379,3124,879,9,5,14,0,0,0,0,11,3,499,97,14,10,12,21,2,400,289,291,2269,909,17,11,12,2019-2020
2020-06-20,Bayern Munich,Freiburg,3,1,2,1.8,0,Sören Storks,https://fbref.com/en/matches/3768ed39/Bayern-Munich-Freiburg-June-20-2020-Bundesliga,0,0,0,0,23,9,772,133,12,10,11,37,5,677,578,552,3463,1742,11,8,13,0,0,0,0,11,3,554,115,12,14,11,16,1,440,347,353,2449,1079,14,8,8,2019-2020
2020-06-20,RB Leipzig,Dortmund,0,2,0.9,3.1,0,Felix Zwayer,https://fbref.com/en/matches/dc7bb415/RB-Leipzig-Borussia-Dortmund-June-20-2020-Bundesliga,0,0,3,0,16,4,691,116,17,10,10,31,0,601,508,496,2998,1583,24,13,13,0,0,3,0,11,7,779,118,19,11,24,19,4,664,569,572,3017,1660,24,19,7,2019-2020
2020-06-20,Köln,Eint Frankfurt,1,1,1,1.6,0,Christian Dingert,https://fbref.com/en/matches/ee362c6a/Koln-Eintracht-Frankfurt-June-20-2020-Bundesliga,1,1,1,0,3,1,529,175,14,14,26,5,1,392,257,306,2366,1076,25,15,8,0,0,2,0,10,3,727,147,18,15,15,16,2,605,458,399,3835,1191,21,15,15,2019-2020
2020-06-27,Werder Bremen,Köln,6,1,3.1,0.8,0,Bastian Dankert,https://fbref.com/en/matches/8244eccb/Werder-Bremen-Koln-June-27-2020-Bundesliga,0,0,1,0,19,9,624,107,20,17,15,30,8,517,420,385,2753,1107,17,9,22,0,0,2,0,6,2,568,134,16,6,10,6,0,460,359,348,2452,1037,17,5,16,2019-2020
2020-06-27,Eint Frankfurt,Paderborn 07,3,2,2.1,2.2,0,Benjamin Brand,https://fbref.com/en/matches/f75940a2/Eintracht-Frankfurt-Paderborn-07-June-27-2020-Bundesliga,0,0,0,0,12,4,725,174,21,10,13,20,4,615,518,414,4087,1255,13,10,13,0,0,1,0,16,5,523,189,16,14,18,25,4,392,298,293,2714,994,19,9,3,2019-2020
2020-06-27,Dortmund,Hoffenheim,0,4,0.2,3.1,0,Guido Winkmann,https://fbref.com/en/matches/4fbe8161/Borussia-Dortmund-Hoffenheim-June-27-2020-Bundesliga,0,0,1,0,7,4,807,126,16,10,15,11,0,712,635,644,3362,1893,19,11,7,1,1,0,0,15,6,602,44,15,16,22,28,7,491,416,398,2672,1535,16,6,5,2019-2020
2020-06-27,Wolfsburg,Bayern Munich,0,4,0.8,3.2,0,Patrick Ittrich,https://fbref.com/en/matches/138a1020/Wolfsburg-Bayern-Munich-June-27-2020-Bundesliga,0,0,3,1,12,4,473,99,16,14,14,11,0,359,275,267,2646,1196,24,13,13,1,1,0,0,15,9,643,117,22,6,12,26,6,548,457,401,3194,1551,23,15,9,2019-2020
2020-06-27,Augsburg,RB Leipzig,1,2,0.2,2.2,0,Felix Brych,https://fbref.com/en/matches/9736ccb4/Augsburg-RB-Leipzig-June-27-2020-Bundesliga,0,0,4,0,5,1,473,220,25,11,23,9,1,342,256,254,1950,631,12,4,12,0,0,1,0,14,5,743,100,19,7,17,25,4,631,528,551,3276,1494,36,24,10,2019-2020
2020-06-27,M'gladbach,Hertha BSC,2,1,3,1,0,Deniz Aytekin,https://fbref.com/en/matches/b45e161e/Borussia-Monchengladbach-Hertha-BSC-June-27-2020-Bundesliga,0,0,1,0,23,8,705,134,14,2,15,29,3,597,518,523,3118,1240,17,12,7,0,0,2,0,5,2,580,184,18,13,22,9,2,475,390,396,2325,1285,12,11,15,2019-2020
2020-06-27,Leverkusen,Mainz 05,1,0,1.5,0.4,0,Benjamin Cortus,https://fbref.com/en/matches/541e8b7d/Bayer-Leverkusen-Mainz-05-June-27-2020-Bundesliga,0,0,1,0,13,2,815,170,22,9,21,23,2,703,609,503,3506,1367,24,16,10,0,0,1,0,6,1,448,220,14,10,21,9,0,346,252,273,1916,1095,30,20,10,2019-2020
2020-06-27,Union Berlin,Düsseldorf,3,0,1.8,1,0,Harm Osmers,https://fbref.com/en/matches/0350cec1/Union-Berlin-Fortuna-Dusseldorf-June-27-2020-Bundesliga,0,0,0,0,11,6,536,91,18,12,24,12,4,407,283,287,2396,977,10,6,15,0,0,1,0,26,2,662,101,16,12,18,39,0,536,412,386,2991,1571,27,19,6,2019-2020
2020-06-27,Freiburg,Schalke 04,4,0,1.5,0.8,0,Martin Petersen,https://fbref.com/en/matches/43e27d78/Freiburg-Schalke-04-June-27-2020-Bundesliga,0,0,1,0,15,8,631,101,17,8,13,21,6,508,444,434,3176,1357,33,18,14,0,0,0,0,23,6,538,181,19,6,12,35,0,424,355,377,2654,1630,18,13,5,2019-2020
2020-07-02,Werder Bremen,Heidenheim,0,0,NA,NA,0,,https://fbref.com/en/matches/NA,NA,NA,NA,NA,NA,NA,NA,NA,NA,NA,NA,NA,NA,NA,NA,NA,NA,NA,NA,NA,NA,NA,NA,NA,NA,NA,NA,NA,NA,NA,NA,NA,NA,NA,NA,NA,NA,NA,NA,NA,NA,NA,2019-2020
2020-07-06,Heidenheim,Werder Bremen,2,2,NA,NA,0,,https://fbref.com/en/matches/NA,NA,NA,NA,NA,NA,NA,NA,NA,NA,NA,NA,NA,NA,NA,NA,NA,NA,NA,NA,NA,NA,NA,NA,NA,NA,NA,NA,NA,NA,NA,NA,NA,NA,NA,NA,NA,NA,NA,NA,NA,NA,NA,2019-2020
